{"mean_correct": 1.0, "total_correct": 104, "is_correct": [1.0, 1.0, 1.0, 1.0, 1.0, 1.0, 1.0, 1.0, 1.0, 1.0, 1.0, 1.0, 1.0, 1.0, 1.0, 1.0, 1.0, 1.0, 1.0, 1.0, 1.0, 1.0, 1.0, 1.0, 1.0, 1.0, 1.0, 1.0, 1.0, 1.0, 1.0, 1.0, 1.0, 1.0, 1.0, 1.0, 1.0, 1.0, 1.0, 1.0, 1.0, 1.0, 1.0, 1.0, 1.0, 1.0, 1.0, 1.0, 1.0, 1.0, 1.0, 1.0, 1.0, 1.0, 1.0, 1.0, 1.0, 1.0, 1.0, 1.0, 1.0, 1.0, 1.0, 1.0, 1.0, 1.0, 1.0, 1.0, 1.0, 1.0, 1.0, 1.0, 1.0, 1.0, 1.0, 1.0, 1.0, 1.0, 1.0, 1.0, 1.0, 1.0, 1.0, 1.0, 1.0, 1.0, 1.0, 1.0, 1.0, 1.0, 1.0, 1.0, 1.0, 1.0, 1.0, 1.0, 1.0, 1.0, 1.0, 1.0, 1.0, 1.0, 1.0, 1.0], "output_probs": [[0.003082275390625, 0.80078125, 0.00164794921875, 0.000732421875], [9.965896606445312e-05, 8.7738037109375e-05, 0.0001983642578125, 0.80859375], [0.0002269744873046875, 0.0002422332763671875, 0.87109375, 0.0002574920654296875], [0.0032196044921875, 0.0017242431640625, 0.00125885009765625, 0.7421875], [0.98046875, 0.00022602081298828125, 0.00018787384033203125, 0.00010061264038085938], [0.000171661376953125, 0.00022029876708984375, 0.000720977783203125, 0.84375], [0.00927734375, 0.004669189453125, 0.00439453125, 0.890625], [0.00102996826171875, 0.000621795654296875, 0.001495361328125, 0.93359375], [0.000270843505859375, 0.859375, 0.000347137451171875, 0.0002880096435546875], [9.679794311523438e-05, 5.507469177246094e-05, 0.9453125, 0.0003604888916015625], [0.00016498565673828125, 7.295608520507812e-05, 0.91796875, 0.00016498565673828125], [0.00133514404296875, 0.0024871826171875, 0.0019378662109375, 0.734375], [0.00010347366333007812, 0.89453125, 0.00014209747314453125, 0.00011730194091796875], [0.9921875, 2.7298927307128906e-05, 2.7298927307128906e-05, 5.0067901611328125e-06], [0.9765625, 1.3530254364013672e-05, 8.761882781982422e-06, 1.3530254364013672e-05], [0.984375, 0.00010728836059570312, 5.745887756347656e-05, 3.075599670410156e-05], [0.00058746337890625, 0.0003566741943359375, 0.9375, 0.000804901123046875], [0.0001506805419921875, 0.000263214111328125, 0.94921875, 0.000263214111328125], [0.0023193359375, 0.00115966796875, 0.001800537109375, 0.82421875], [0.93359375, 7.009506225585938e-05, 5.1021575927734375e-05, 3.743171691894531e-05], [0.00244140625, 0.81640625, 0.001678466796875, 0.0010223388671875], [0.00016880035400390625, 0.0001316070556640625, 0.00020313262939453125, 0.828125], [0.77734375, 0.00058746337890625, 0.007171630859375, 0.00040435791015625], [0.953125, 3.3855438232421875e-05, 1.919269561767578e-05, 9.059906005859375e-06], [0.01153564453125, 0.71484375, 0.00897216796875, 0.0035247802734375], [0.00116729736328125, 0.000751495361328125, 0.00131988525390625, 0.87890625], [0.9609375, 3.1948089599609375e-05, 1.245737075805664e-05, 1.9311904907226562e-05], [0.0013275146484375, 0.0018157958984375, 0.005950927734375, 0.94140625], [0.000164031982421875, 8.249282836914062e-05, 0.0002384185791015625, 0.91015625], [0.89453125, 0.000766754150390625, 0.000339508056640625, 0.0004367828369140625], [0.00148773193359375, 0.000701904296875, 0.9296875, 0.000701904296875], [5.936622619628906e-05, 0.00014209747314453125, 0.8984375, 0.00016117095947265625], [8.58306884765625e-05, 6.67572021484375e-05, 9.679794311523438e-05, 0.6953125], [0.000736236572265625, 0.859375, 0.000835418701171875, 0.000446319580078125], [0.00012302398681640625, 0.77734375, 0.0003147125244140625, 0.000179290771484375], [0.88671875, 0.000553131103515625, 0.0004329681396484375, 0.0008087158203125], [0.000164031982421875, 0.00011301040649414062, 0.0003070831298828125, 0.97265625], [0.00127410888671875, 0.00119781494140625, 0.9609375, 0.00127410888671875], [0.0029144287109375, 0.001373291015625, 0.00897216796875, 0.9140625], [0.7734375, 0.0048828125, 0.00191497802734375, 0.0015869140625], [0.0010833740234375, 0.0033416748046875, 0.000701904296875, 0.63671875], [0.00213623046875, 0.7109375, 0.000835418701171875, 0.00057220458984375], [0.0011444091796875, 0.91796875, 0.001007080078125, 0.0004482269287109375], [0.00011396408081054688, 7.867813110351562e-05, 0.765625, 0.000156402587890625], [0.001129150390625, 0.90625, 0.000415802001953125, 0.0003910064697265625], [2.372264862060547e-05, 1.2695789337158203e-05, 0.91796875, 0.00016498565673828125], [8.153915405273438e-05, 4.935264587402344e-05, 0.00022125244140625, 0.9609375], [0.00970458984375, 0.008056640625, 0.0023040771484375, 0.76953125], [0.002166748046875, 0.82421875, 0.000850677490234375, 0.00054931640625], [0.00014781951904296875, 0.00010156631469726562, 0.93359375, 6.532669067382812e-05], [7.677078247070312e-05, 2.3365020751953125e-05, 0.9609375, 0.0003662109375], [0.000812530517578125, 0.73828125, 0.00110626220703125, 0.0005950927734375], [0.00087738037109375, 0.0002841949462890625, 0.000682830810546875, 0.90625], [0.318359375, 0.052001953125, 0.0230712890625, 0.150390625], [0.000438690185546875, 0.00015163421630859375, 0.0005645751953125, 0.74609375], [0.95703125, 5.5789947509765625e-05, 0.000118255615234375, 5.245208740234375e-05], [0.0003986358642578125, 0.76953125, 0.00012159347534179688, 0.00010728836059570312], [0.00118255615234375, 0.890625, 0.00098419189453125, 0.000560760498046875], [0.0001811981201171875, 0.000675201416015625, 0.0017242431640625, 0.78515625], [0.0002765655517578125, 0.828125, 0.0002765655517578125, 0.00022983551025390625], [0.0150146484375, 0.0020294189453125, 0.004058837890625, 0.9296875], [0.000392913818359375, 0.00121307373046875, 0.001068115234375, 0.80859375], [0.002044677734375, 0.00090789794921875, 0.002044677734375, 0.87890625], [0.0036773681640625, 0.0030517578125, 0.0128173828125, 0.8984375], [0.9375, 0.004608154296875, 0.003173828125, 0.0028076171875], [0.000823974609375, 0.9609375, 0.00072479248046875, 0.0003662109375], [0.00014781951904296875, 6.580352783203125e-05, 8.440017700195312e-05, 0.82421875], [7.534027099609375e-05, 0.0001697540283203125, 0.94140625, 0.0002040863037109375], [0.0025634765625, 0.0018768310546875, 0.00787353515625, 0.9140625], [0.000560760498046875, 0.0002498626708984375, 0.89453125, 0.0002651214599609375], [0.0001888275146484375, 8.344650268554688e-05, 0.92578125, 0.0002269744873046875], [0.000446319580078125, 0.97265625, 9.965896606445312e-05, 7.295608520507812e-05], [0.00152587890625, 0.00152587890625, 0.00604248046875, 0.953125], [0.0003299713134765625, 0.921875, 0.000614166259765625, 0.0003509521484375], [0.000762939453125, 0.7890625, 0.000675201416015625, 0.000492095947265625], [0.0023651123046875, 0.000362396240234375, 0.953125, 0.001190185546875], [0.953125, 0.00014209747314453125, 0.00019359588623046875, 0.000133514404296875], [0.0004177093505859375, 0.000164031982421875, 0.0004730224609375, 0.85546875], [0.953125, 0.000385284423828125, 0.0002994537353515625, 0.0002651214599609375], [0.005462646484375, 0.01025390625, 0.0029296875, 0.193359375], [0.000171661376953125, 0.84375, 0.000171661376953125, 9.202957153320312e-05], [0.83203125, 0.00133514404296875, 0.000759124755859375, 0.00055694580078125], [0.0001678466796875, 0.0001392364501953125, 0.0002956390380859375, 0.9375], [0.0015106201171875, 0.000591278076171875, 0.0023345947265625, 0.88671875], [0.0025177001953125, 0.004425048828125, 0.0164794921875, 0.8984375], [0.8984375, 0.0025177001953125, 0.0012664794921875, 0.000720977783203125], [0.984375, 4.744529724121094e-05, 2.5391578674316406e-05, 1.6450881958007812e-05], [8.296966552734375e-05, 3.0517578125e-05, 4.172325134277344e-05, 0.921875], [3.24249267578125e-05, 3.6716461181640625e-05, 0.91796875, 0.00013637542724609375], [4.76837158203125e-05, 0.0001010894775390625, 0.0001773834228515625, 0.9296875], [0.0017852783203125, 0.00130462646484375, 0.004852294921875, 0.81640625], [0.94140625, 0.003387451171875, 0.0021820068359375, 0.00170135498046875], [0.0002899169921875, 0.000308990478515625, 0.00074005126953125, 0.9765625], [0.0002307891845703125, 0.88671875, 0.00019168853759765625, 0.00015926361083984375], [0.0013580322265625, 0.000568389892578125, 0.00106048583984375, 0.9609375], [0.00023365020751953125, 0.89453125, 8.58306884765625e-05, 3.170967102050781e-05], 