{"mean_correct": 1.0, "total_correct": 84, "is_correct": [1.0, 1.0, 1.0, 1.0, 1.0, 1.0, 1.0, 1.0, 1.0, 1.0, 1.0, 1.0, 1.0, 1.0, 1.0, 1.0, 1.0, 1.0, 1.0, 1.0, 1.0, 1.0, 1.0, 1.0, 1.0, 1.0, 1.0, 1.0, 1.0, 1.0, 1.0, 1.0, 1.0, 1.0, 1.0, 1.0, 1.0, 1.0, 1.0, 1.0, 1.0, 1.0, 1.0, 1.0, 1.0, 1.0, 1.0, 1.0, 1.0, 1.0, 1.0, 1.0, 1.0, 1.0, 1.0, 1.0, 1.0, 1.0, 1.0, 1.0, 1.0, 1.0, 1.0, 1.0, 1.0, 1.0, 1.0, 1.0, 1.0, 1.0, 1.0, 1.0, 1.0, 1.0, 1.0, 1.0, 1.0, 1.0, 1.0, 1.0, 1.0, 1.0, 1.0, 1.0], "output_probs": [[0.90234375, 0.00026702880859375, 0.01373291015625, 0.0002841949462890625], [0.490234375, 0.00616455078125, 0.004791259765625, 0.380859375], [0.0012054443359375, 0.000881195068359375, 0.0023956298828125, 0.6640625], [0.00115203857421875, 0.0017852783203125, 0.001678466796875, 0.8671875], [0.0002269744873046875, 4.744529724121094e-05, 0.984375, 0.00018787384033203125], [0.71875, 0.021728515625, 0.01025390625, 0.009033203125], [0.875, 0.003570556640625, 0.0027923583984375, 0.01251220703125], [0.0025177001953125, 0.79296875, 0.05078125, 0.013671875], [0.01202392578125, 0.451171875, 0.03271484375, 0.00823974609375], [0.875, 0.000904083251953125, 0.0016937255859375, 0.000514984130859375], [0.004180908203125, 0.84765625, 0.003692626953125, 0.0013580322265625], [0.97265625, 4.696846008300781e-05, 3.886222839355469e-05, 2.5153160095214844e-05], [0.000865936279296875, 0.89453125, 0.0002994537353515625, 0.00010347366333007812], [0.002838134765625, 0.0007171630859375, 0.890625, 0.000385284423828125], [0.9609375, 0.0002498626708984375, 0.00017261505126953125, 0.00026702880859375], [0.9609375, 7.200241088867188e-05, 0.000118255615234375, 7.200241088867188e-05], [0.00013446807861328125, 0.00012683868408203125, 0.000415802001953125, 0.96484375], [0.9609375, 0.000499725341796875, 0.00020885467529296875, 7.677078247070312e-05], [0.0037689208984375, 0.494140625, 0.002288818359375, 0.00130462646484375], [0.004058837890625, 0.7265625, 0.0035858154296875, 0.00159454345703125], [0.00543212890625, 0.91015625, 0.0027313232421875, 0.0021209716796875], [0.01708984375, 0.498046875, 0.006683349609375, 0.00168609619140625], [0.91015625, 0.0019989013671875, 0.002410888671875, 0.00128936767578125], [0.0001220703125, 8.392333984375e-05, 0.98828125, 0.000331878662109375], [0.00116729736328125, 0.0283203125, 0.68359375, 0.00080108642578125], [0.0030364990234375, 0.000637054443359375, 0.84375, 0.0010528564453125], [0.0062255859375, 0.67578125, 0.0033416748046875, 0.005859375], [0.006866455078125, 0.79296875, 0.001434326171875, 0.001190185546875], [0.84375, 0.00049591064453125, 0.000720977783203125, 0.002227783203125], [3.910064697265625e-05, 1.633167266845703e-05, 0.9765625, 9.393692016601562e-05], [0.96484375, 0.0004425048828125, 9.298324584960938e-05, 5.984306335449219e-05], [0.94140625, 0.000713348388671875, 0.00035858154296875, 0.0008087158203125], [0.00099945068359375, 0.91015625, 0.0004444122314453125, 0.0002536773681640625], [0.9453125, 0.000591278076171875, 0.000247955322265625, 0.00014972686767578125], [0.00070953369140625, 0.94140625, 0.0006256103515625, 0.0002956390380859375], [0.0024566650390625, 0.9296875, 0.00122833251953125, 0.0009002685546875], [0.96484375, 0.00014400482177734375, 0.00011205673217773438, 2.5033950805664062e-05], [0.00072479248046875, 0.0004673004150390625, 0.90234375, 0.00060272216796875], [0.578125, 0.00872802734375, 0.00872802734375, 0.0135498046875], [0.0003833770751953125, 0.94921875, 0.00110626220703125, 0.0005950927734375], [0.00665283203125, 0.0054931640625, 0.81640625, 0.0040283203125], [0.00011396408081054688, 0.00017642974853515625, 0.984375, 0.00012111663818359375], [0.9765625, 8.296966552734375e-05, 0.00010013580322265625, 4.7206878662109375e-05], [0.0015106201171875, 0.00182342529296875, 0.005615234375, 0.83203125], [0.008056640625, 0.9296875, 0.0150146484375, 0.00909423828125], [0.9453125, 0.000629425048828125, 0.00035858154296875, 0.00015926361083984375], [0.0069580078125, 0.8046875, 0.006134033203125, 0.00653076171875], [0.984375, 0.00011396408081054688, 9.441375732421875e-05, 0.0001068115234375], [0.000133514404296875, 0.95703125, 0.000133514404296875, 9.202957153320312e-05], [0.0027313232421875, 0.91015625, 0.00113677978515625, 0.000537872314453125], [0.953125, 0.000598907470703125, 0.0010528564453125, 0.0004100799560546875], [0.96875, 0.0002880096435546875, 0.00030517578125, 0.0002880096435546875], [0.0047607421875, 0.8515625, 0.002105712890625, 0.000606536865234375], [0.0067138671875, 0.3046875, 0.006317138671875, 0.002044677734375], [0.66015625, 0.0693359375, 0.0289306640625, 0.03271484375], [0.00396728515625, 0.85546875, 0.006927490234375, 0.01220703125], [8.916854858398438e-05, 0.98828125, 8.392333984375e-05, 5.745887756347656e-05], [0.00020503997802734375, 0.000102996826171875, 0.9453125, 0.000247955322265625], [0.86328125, 0.00156402587890625, 0.000652313232421875, 0.000308990478515625], [0.0260009765625, 0.00579833984375, 0.859375, 0.003997802734375], [0.00135040283203125, 0.000820159912109375, 0.95703125, 0.0010528564453125], [0.00093841552734375, 0.85546875, 0.009521484375, 0.00186920166015625], [0.0001964569091796875, 0.000286102294921875, 0.000644683837890625, 0.96484375], [0.9296875, 0.0002422332763671875, 0.00020122528076171875, 0.0001010894775390625], [0.032958984375, 0.84765625, 0.0240478515625, 0.0120849609375], [0.00022792816162109375, 0.0001888275146484375, 0.9296875, 0.000659942626953125], [0.000652313232421875, 0.86328125, 0.00189208984375, 0.00089263916015625], [0.0001430511474609375, 0.00011873245239257812, 0.9609375, 0.000640869140625], [6.4849853515625e-05, 5.054473876953125e-05, 0.98046875, 0.000423431396484375], [0.9140625, 0.0037384033203125, 0.001373291015625, 0.0018768310546875], [7.390975952148438e-05, 0.0001468658447265625, 0.98828125, 0.00012969970703125], [0.0096435546875, 0.002288818359375, 0.0040283203125, 0.87109375], [0.01165771484375, 0.8671875, 0.01092529296875, 0.0040283203125], [0.00113677978515625, 0.0012054443359375, 0.96875, 0.00093841552734375], [0.92578125, 0.000659942626953125, 0.000545501708984375, 0.0004825592041015625], [0.96484375, 0.0005340576171875, 0.00026702880859375, 0.00034332275390625], [0.0003490447998046875, 0.00023937225341796875, 0.9765625, 0.0003070831298828125], [0.0002269744873046875, 0.92578125, 0.00045013427734375, 0.0001659393310546875], [0.875, 0.001312255859375, 0.000904083251953125, 0.00042724609375], [0.0040283203125, 0.8671875, 0.0040283203125, 0.0037689208984375], [0.90234375, 0.00144195556640625, 0.00119781494140625, 0.00072479248046875], [0.0025787353515625, 0.76171875, 0.0022735595703125, 0.001220703125], [0.002593994140625, 0.8671875, 0.000843048095703125, 0.00051116943359375], [0.98046875, 0.00037384033203125, 0.00037384033203125, 0.0001659393310546875]]}