{"mean_correct": 1.0, "total_correct": 9, "is_correct": [1.0, 1.0, 1.0, 1.0, 1.0, 1.0, 1.0, 1.0, 1.0], "output_probs": [[0.0006103515625, 0.011474609375, 0.8046875, 0.001007080078125], [0.828125, 0.00360107421875, 0.003173828125, 0.00360107421875], [0.000537872314453125, 0.0004177093505859375, 0.000690460205078125, 0.97265625], [7.343292236328125e-05, 9.393692016601562e-05, 0.921875, 0.0002727508544921875], [0.00168609619140625, 0.9296875, 0.007080078125, 0.002166748046875], [0.0008544921875, 0.003173828125, 0.77734375, 0.00193023681640625], [0.83203125, 0.0018157958984375, 0.0024871826171875, 0.0018157958984375], [0.90625, 0.0004425048828125, 0.0004711151123046875, 0.0003910064697265625], [0.8984375, 0.002227783203125, 0.0019683837890625, 0.001739501953125]]}