{"mean_correct": 1.0, "total_correct": 73, "is_correct": [1.0, 1.0, 1.0, 1.0, 1.0, 1.0, 1.0, 1.0, 1.0, 1.0, 1.0, 1.0, 1.0, 1.0, 1.0, 1.0, 1.0, 1.0, 1.0, 1.0, 1.0, 1.0, 1.0, 1.0, 1.0, 1.0, 1.0, 1.0, 1.0, 1.0, 1.0, 1.0, 1.0, 1.0, 1.0, 1.0, 1.0, 1.0, 1.0, 1.0, 1.0, 1.0, 1.0, 1.0, 1.0, 1.0, 1.0, 1.0, 1.0, 1.0, 1.0, 1.0, 1.0, 1.0, 1.0, 1.0, 1.0, 1.0, 1.0, 1.0, 1.0, 1.0, 1.0, 1.0, 1.0, 1.0, 1.0, 1.0, 1.0, 1.0, 1.0, 1.0, 1.0], "output_probs": [[0.00011396408081054688, 9.441375732421875e-05, 0.984375, 0.0001659393310546875], [0.0005645751953125, 0.84375, 0.001739501953125, 0.00135040283203125], [0.00057220458984375, 0.9140625, 0.000270843505859375, 0.00023937225341796875], [0.0022125244140625, 0.953125, 0.00183868408203125, 0.00118255615234375], [0.000240325927734375, 0.000186920166015625, 0.000255584716796875, 0.91796875], [0.0003719329833984375, 0.000652313232421875, 0.9765625, 0.00121307373046875], [0.005645751953125, 0.0081787109375, 0.65234375, 0.00171661376953125], [0.0026092529296875, 0.000545501708984375, 0.0004825592041015625, 0.9296875], [5.364418029785156e-05, 0.00014591217041015625, 0.98046875, 0.00147247314453125], [0.000499725341796875, 0.0004425048828125, 0.90625, 0.00136566162109375], [0.765625, 0.0042724609375, 0.0027618408203125, 0.01495361328125], [0.0001735687255859375, 9.870529174804688e-05, 0.0004711151123046875, 0.96484375], [0.000225067138671875, 0.0001983642578125, 0.91796875, 0.0004482269287109375], [0.953125, 0.000766754150390625, 0.00098419189453125, 0.000362396240234375], [8.630752563476562e-05, 9.822845458984375e-05, 0.00016117095947265625, 0.8984375], [0.000644683837890625, 0.0001735687255859375, 0.00011205673217773438, 0.90625], [0.00164794921875, 0.002716064453125, 0.96875, 0.00421142578125], [0.9765625, 0.000370025634765625, 0.0001983642578125, 0.0001201629638671875], [0.98828125, 0.00148773193359375, 0.000659942626953125, 0.0009002685546875], [0.001007080078125, 0.000949859619140625, 0.0025787353515625, 0.9765625], [8.821487426757812e-05, 0.0002536773681640625, 0.97265625, 0.0006103515625], [0.005035400390625, 0.0004138946533203125, 0.9609375, 0.000873565673828125], [0.96875, 0.0001354217529296875, 9.918212890625e-05, 3.886222839355469e-05], [0.0084228515625, 0.58984375, 0.02587890625, 0.0027313232421875], [0.9453125, 0.000629425048828125, 0.000408172607421875, 0.000316619873046875], [0.0145263671875, 0.00604248046875, 0.8984375, 0.0068359375], [0.0013885498046875, 0.0013885498046875, 0.984375, 0.0021514892578125], [0.0059814453125, 0.00408935546875, 0.00408935546875, 0.94140625], [0.00019359588623046875, 0.000339508056640625, 0.0003185272216796875, 0.94921875], [0.0035247802734375, 0.91796875, 0.0011444091796875, 0.000507354736328125], [0.00555419921875, 0.0015869140625, 0.0103759765625, 0.82421875], [0.9921875, 0.00031280517578125, 0.00014781951904296875, 8.392333984375e-05], [0.00109100341796875, 0.000377655029296875, 0.00115966796875, 0.93359375], [0.9765625, 1.9669532775878906e-05, 1.233816146850586e-05, 1.537799835205078e-05], [0.0001888275146484375, 0.0002593994140625, 0.98828125, 0.000659942626953125], [0.94921875, 0.000762939453125, 0.0005950927734375, 0.0003833770751953125], [0.92578125, 0.001312255859375, 0.00061798095703125, 0.0002574920654296875], [5.936622619628906e-05, 3.3855438232421875e-05, 0.95703125, 0.00022125244140625], [0.96875, 0.0002536773681640625, 8.726119995117188e-05, 6.389617919921875e-05], [0.000453948974609375, 0.0002765655517578125, 0.001312255859375, 0.9296875], [0.000637054443359375, 0.000720977783203125, 0.00067901611328125, 0.95703125], [0.01458740234375, 0.006072998046875, 0.796875, 0.0064697265625], [0.0021820068359375, 0.0016937255859375, 0.003173828125, 0.87890625], [0.00130462646484375, 0.8671875, 0.00189971923828125, 0.001678466796875], [0.0005035400390625, 0.91015625, 0.00014400482177734375, 0.0001354217529296875], [0.000782012939453125, 0.9140625, 0.00041961669921875, 0.00019741058349609375], [0.0007781982421875, 0.0002536773681640625, 0.96875, 0.000286102294921875], [0.007049560546875, 0.921875, 0.0062255859375, 0.00244140625], [0.00022029876708984375, 9.775161743164062e-05, 0.000560760498046875, 0.8984375], [0.0004177093505859375, 0.000392913818359375, 0.0018768310546875, 0.97265625], [0.001678466796875, 0.92578125, 0.00189971923828125, 0.001678466796875], [0.0001773834228515625, 0.00012969970703125, 0.0007476806640625, 0.92578125], [0.00136566162109375, 0.96484375, 0.00347900390625, 0.000286102294921875], [0.0013885498046875, 0.87109375, 0.00457763671875, 0.001678466796875], [0.9609375, 0.003936767578125, 0.002532958984375, 0.0019683837890625], [0.9609375, 0.00022220611572265625, 0.00013446807861328125, 0.00023651123046875], [0.000820159912109375, 0.0005645751953125, 0.95703125, 0.0003643035888671875], [0.000141143798828125, 0.0002193450927734375, 0.94921875, 0.000263214111328125], [0.000492095947265625, 0.94921875, 0.000461578369140625, 0.000408172607421875], [0.97265625, 0.000370025634765625, 0.000347137451171875, 0.0002384185791015625], [0.0023956298828125, 0.00186920166015625, 0.96484375, 0.0028839111328125], [0.00011873245239257812, 0.00013446807861328125, 0.00087738037109375, 0.96484375], [0.00104522705078125, 0.89453125, 0.000598907470703125, 0.000720977783203125], [0.0034637451171875, 0.9609375, 0.003692626953125, 0.00106048583984375], [0.000690460205078125, 0.0002880096435546875, 0.9765625, 0.00057220458984375], [6.532669067382812e-05, 0.00015735626220703125, 0.9921875, 0.00013828277587890625], [0.87890625, 0.0023193359375, 0.0010986328125, 0.0006256103515625], [0.0283203125, 0.007171630859375, 0.0086669921875, 0.828125], [0.79296875, 0.0272216796875, 0.03955078125, 0.03955078125], [0.9140625, 0.00128936767578125, 0.000690460205078125, 0.0005035400390625], [0.97265625, 8.7738037109375e-05, 9.965896606445312e-05, 5.6743621826171875e-05], [0.0013427734375, 0.0011138916015625, 0.953125, 0.00162506103515625], [0.032958984375, 0.546875, 0.004730224609375, 0.003692626953125]]}