{"mean_correct": 1.0, "total_correct": 85, "is_correct": [1.0, 1.0, 1.0, 1.0, 1.0, 1.0, 1.0, 1.0, 1.0, 1.0, 1.0, 1.0, 1.0, 1.0, 1.0, 1.0, 1.0, 1.0, 1.0, 1.0, 1.0, 1.0, 1.0, 1.0, 1.0, 1.0, 1.0, 1.0, 1.0, 1.0, 1.0, 1.0, 1.0, 1.0, 1.0, 1.0, 1.0, 1.0, 1.0, 1.0, 1.0, 1.0, 1.0, 1.0, 1.0, 1.0, 1.0, 1.0, 1.0, 1.0, 1.0, 1.0, 1.0, 1.0, 1.0, 1.0, 1.0, 1.0, 1.0, 1.0, 1.0, 1.0, 1.0, 1.0, 1.0, 1.0, 1.0, 1.0, 1.0, 1.0, 1.0, 1.0, 1.0, 1.0, 1.0, 1.0, 1.0, 1.0, 1.0, 1.0, 1.0, 1.0, 1.0, 1.0, 1.0], "output_probs": [[0.7734375, 0.0002765655517578125, 0.033935546875, 0.0003337860107421875], [0.00099945068359375, 0.00064849853515625, 0.0032958984375, 0.431640625], [0.000545501708984375, 0.000659942626953125, 0.0009002685546875, 0.8203125], [0.00011301040649414062, 3.457069396972656e-05, 0.9765625, 0.00018596649169921875], [0.6875, 0.0118408203125, 0.005950927734375, 0.004638671875], [0.890625, 0.0020751953125, 0.00151824951171875, 0.002655029296875], [0.000732421875, 0.75390625, 0.04833984375, 0.00836181640625], [0.00518798828125, 0.49609375, 0.0205078125, 0.00518798828125], [0.88671875, 0.000629425048828125, 0.00091552734375, 0.0003376007080078125], [0.000865936279296875, 0.83984375, 0.0013427734375, 0.00063323974609375], [0.96484375, 3.8623809814453125e-05, 2.658367156982422e-05, 1.71661376953125e-05], [0.0004100799560546875, 0.89453125, 0.00018215179443359375, 7.152557373046875e-05], [0.00162506103515625, 0.000637054443359375, 0.89453125, 0.000339508056640625], [0.94140625, 0.00016880035400390625, 0.00012302398681640625, 0.000148773193359375], [0.94921875, 2.7894973754882812e-05, 4.0531158447265625e-05, 2.7894973754882812e-05], [7.915496826171875e-05, 8.440017700195312e-05, 0.0002765655517578125, 0.9375], [0.953125, 0.000339508056640625, 9.1552734375e-05, 3.5762786865234375e-05], [0.0027618408203125, 0.46484375, 0.001678466796875, 0.00095367431640625], [0.00159454345703125, 0.68359375, 0.002044677734375, 0.000965118408203125], [0.0034332275390625, 0.89453125, 0.001953125, 0.0023651123046875], [0.00921630859375, 0.50390625, 0.00408935546875, 0.00110626220703125], [0.90234375, 0.0013580322265625, 0.0015411376953125, 0.00087738037109375], [0.00010633468627929688, 8.821487426757812e-05, 0.9765625, 0.0002727508544921875], [0.00084686279296875, 0.040771484375, 0.36328125, 0.000797271728515625], [0.0009613037109375, 0.000377655029296875, 0.7734375, 0.0007476806640625], [0.00164794921875, 0.66796875, 0.0017547607421875, 0.003082275390625], [0.000774383544921875, 0.796875, 0.0005645751953125, 0.000469207763671875], [0.7890625, 0.00049591064453125, 0.0005950927734375, 0.0023651123046875], [4.839897155761719e-05, 2.014636993408203e-05, 0.94140625, 9.059906005859375e-05], [0.9453125, 0.000408172607421875, 8.535385131835938e-05, 4.863739013671875e-05], [0.9609375, 0.0002079010009765625, 9.250640869140625e-05, 0.0001621246337890625], [0.000514984130859375, 0.9296875, 0.00014781951904296875, 7.915496826171875e-05], [0.8828125, 0.000972747802734375, 0.00019168853759765625, 0.00014019012451171875], [0.0003376007080078125, 0.94921875, 0.0003833770751953125, 0.0001811981201171875], [0.9296875, 0.00457763671875, 0.0019073486328125, 0.0012359619140625], [0.000946044921875, 0.91796875, 0.0006103515625, 0.00032806396484375], [0.00141143798828125, 0.9375, 0.00193023681640625, 0.0006256103515625], [0.95703125, 8.630752563476562e-05, 6.723403930664062e-05, 1.9311904907226562e-05], [0.00028228759765625, 0.00028228759765625, 0.89453125, 0.0004100799560546875], [0.00015926361083984375, 0.9453125, 0.000629425048828125, 0.0002460479736328125], [0.00104522705078125, 0.00125885009765625, 0.890625, 0.0009765625], [0.90625, 0.00106048583984375, 0.000728607177734375, 0.0003032684326171875], [7.295608520507812e-05, 0.0001125335693359375, 0.97265625, 8.249282836914062e-05], [0.96875, 3.886222839355469e-05, 3.218650817871094e-05, 1.728534698486328e-05], [0.000782012939453125, 0.001007080078125, 0.0029144287109375, 0.7578125], [0.00689697265625, 0.90234375, 0.0120849609375, 0.00689697265625], [0.9453125, 0.000408172607421875, 0.00021839141845703125, 9.107589721679688e-05], [0.00238037109375, 0.796875, 0.0030670166015625, 0.00286865234375], [0.984375, 7.343292236328125e-05, 6.4849853515625e-05, 6.4849853515625e-05], [0.0001068115234375, 0.921875, 0.00010061264038085938, 7.343292236328125e-05], [0.0009918212890625, 0.90625, 0.00060272216796875, 0.00034332275390625], [0.9609375, 0.0002841949462890625, 0.0003223419189453125, 0.0001621246337890625], [0.95703125, 0.0004119873046875, 0.0003414154052734375, 0.0012664794921875], [0.0012664794921875, 0.8984375, 0.0008697509765625, 0.0002346038818359375], [0.4375, 0.1826171875, 0.01324462890625, 0.0169677734375], [0.00194549560546875, 0.8359375, 0.004669189453125, 0.010498046875], [9.298324584960938e-05, 0.96484375, 9.298324584960938e-05, 7.724761962890625e-05], [0.00018405914306640625, 0.00011157989501953125, 0.90234375, 0.00018405914306640625], [0.80078125, 0.0015411376953125, 0.00106048583984375, 0.000286102294921875], [0.006500244140625, 0.0028839111328125, 0.90625, 0.0030670166015625], [0.00150299072265625, 0.00124359130859375, 0.94140625, 0.00096893310546875], [0.00014209747314453125, 0.00020694732666015625, 0.0003414154052734375, 0.95703125], [0.90625, 8.726119995117188e-05, 7.677078247070312e-05, 3.8623809814453125e-05], [0.0301513671875, 0.828125, 0.0194091796875, 0.009765625], [9.822845458984375e-05, 9.822845458984375e-05, 0.84765625, 0.000530242919921875], [0.0004558563232421875, 0.7734375, 0.00131988525390625, 0.000751495361328125], [9.059906005859375e-05, 7.534027099609375e-05, 0.94140625, 0.0004062652587890625], [0.003875732421875, 0.8359375, 0.00160980224609375, 0.00133514404296875], [6.437301635742188e-05, 3.886222839355469e-05, 0.97265625, 0.000392913818359375], [0.8984375, 0.004150390625, 0.0012664794921875, 0.0018463134765625], [5.054473876953125e-05, 0.00019931793212890625, 0.98046875, 0.00010061264038085938], [0.010498046875, 0.003204345703125, 0.0081787109375, 0.78515625], [0.003021240234375, 0.890625, 0.003204345703125, 0.00125885009765625], [0.0003604888916015625, 0.000812530517578125, 0.9453125, 0.000812530517578125], [0.9296875, 0.000400543212890625, 0.00024318695068359375, 0.00021457672119140625], [0.95703125, 0.0002841949462890625, 0.000125885009765625, 0.00018310546875], [0.0002079010009765625, 0.0001430511474609375, 0.9609375, 0.00019550323486328125], [0.00011301040649414062, 0.9140625, 0.000347137451171875, 0.00014495849609375], [0.875, 0.00148773193359375, 0.000904083251953125, 0.0004825592041015625], [0.00107574462890625, 0.86328125, 0.0016632080078125, 0.0012969970703125], [0.9140625, 0.001007080078125, 0.0006103515625, 0.00041961669921875], [0.000843048095703125, 0.765625, 0.00079345703125, 0.000423431396484375], [0.0022735595703125, 0.76171875, 0.00089263916015625, 0.000507354736328125], [8.344650268554688e-05, 0.00024127960205078125, 0.98046875, 0.00021266937255859375], [0.9765625, 0.000225067138671875, 0.00019931793212890625, 0.00011348724365234375]]}