{"mean_correct": 0.9999999403953552, "total_correct": 110, "is_correct": [1.0, 1.0, 1.0, 1.0, 1.0, 1.0, 1.0, 1.0, 1.0, 1.0, 1.0, 1.0, 1.0, 1.0, 1.0, 1.0, 1.0, 1.0, 1.0, 1.0, 1.0, 1.0, 1.0, 1.0, 1.0, 1.0, 1.0, 1.0, 1.0, 1.0, 1.0, 1.0, 1.0, 1.0, 1.0, 1.0, 1.0, 1.0, 1.0, 1.0, 1.0, 1.0, 1.0, 1.0, 1.0, 1.0, 1.0, 1.0, 1.0, 1.0, 1.0, 1.0, 1.0, 1.0, 1.0, 1.0, 1.0, 1.0, 1.0, 1.0, 1.0, 1.0, 1.0, 1.0, 1.0, 1.0, 1.0, 1.0, 1.0, 1.0, 1.0, 1.0, 1.0, 1.0, 1.0, 1.0, 1.0, 1.0, 1.0, 1.0, 1.0, 1.0, 1.0, 1.0, 1.0, 1.0, 1.0, 1.0, 1.0, 1.0, 1.0, 1.0, 1.0, 1.0, 1.0, 1.0, 1.0, 1.0, 1.0, 1.0, 1.0, 1.0, 1.0, 1.0, 1.0, 1.0, 1.0, 1.0, 1.0, 1.0], "output_probs": [[0.001617431640625, 0.00151824951171875, 0.0032196044921875, 0.83984375], [0.7421875, 0.0002994537353515625, 0.000133514404296875, 7.581710815429688e-05], [0.0007476806640625, 0.0002593994140625, 0.0004825592041015625, 0.875], [0.00119781494140625, 0.8515625, 0.00060272216796875, 0.00087738037109375], [0.00201416015625, 0.86328125, 0.00201416015625, 0.00107574462890625], [0.87109375, 0.0014801025390625, 0.000957489013671875, 0.00157928466796875], [0.95703125, 0.000110626220703125, 4.076957702636719e-05, 4.3392181396484375e-05], [0.00125885009765625, 0.0002994537353515625, 0.000762939453125, 0.94921875], [0.0002498626708984375, 9.822845458984375e-05, 0.95703125, 0.00077056884765625], [0.953125, 0.00098419189453125, 0.001190185546875, 0.0017242431640625], [4.76837158203125e-05, 4.458427429199219e-05, 0.984375, 0.000213623046875], [0.00084686279296875, 0.00115966796875, 0.0026092529296875, 0.9296875], [0.004638671875, 0.00384521484375, 0.007659912109375, 0.83203125], [0.00139617919921875, 0.00042724609375, 0.9296875, 0.00115966796875], [0.00030517578125, 0.00011205673217773438, 0.0005340576171875, 0.96875], [0.00118255615234375, 0.00092315673828125, 0.001953125, 0.94921875], [0.85546875, 0.00372314453125, 0.004791259765625, 0.005767822265625], [0.88671875, 0.00021839141845703125, 8.535385131835938e-05, 7.05718994140625e-05], [0.0003261566162109375, 0.00014495849609375, 0.97265625, 0.0004177093505859375], [0.00323486328125, 0.00162506103515625, 0.89453125, 0.0025177001953125], [0.94921875, 0.00016021728515625, 0.000247955322265625, 0.00011730194091796875], [0.00299072265625, 0.9375, 0.00075531005859375, 0.00048828125], [0.53125, 0.00714111328125, 0.00262451171875, 0.00811767578125], [0.000640869140625, 0.000438690185546875, 0.0019683837890625, 0.95703125], [3.266334533691406e-05, 5.7220458984375e-05, 0.98046875, 0.000308990478515625], [0.004486083984375, 0.000690460205078125, 0.0005035400390625, 0.85546875], [0.62890625, 0.0016632080078125, 0.0032958984375, 0.00579833984375], [0.0028228759765625, 0.004119873046875, 0.00872802734375, 0.9453125], [0.91015625, 0.00012683868408203125, 6.008148193359375e-05, 9.918212890625e-05], [0.00323486328125, 0.0019683837890625, 0.0025177001953125, 0.84375], [0.91796875, 8.821487426757812e-05, 2.682209014892578e-05, 6.866455078125e-05], [0.00201416015625, 0.00051116943359375, 0.0010833740234375, 0.921875], [0.00092315673828125, 0.000675201416015625, 0.89453125, 0.000720977783203125], [0.87890625, 0.0038299560546875, 0.0023193359375, 0.00299072265625], [7.295608520507812e-05, 8.249282836914062e-05, 0.97265625, 0.00013637542724609375], [0.00384521484375, 0.6875, 0.0011749267578125, 0.000804901123046875], [0.98046875, 0.00012874603271484375, 2.6941299438476562e-05, 3.457069396972656e-05], [0.00010442733764648438, 2.6464462280273438e-05, 0.00022125244140625, 0.9609375], [0.000274658203125, 0.0001659393310546875, 0.984375, 0.00061798095703125], [0.00193023681640625, 0.0006256103515625, 0.94140625, 0.000667572021484375], [0.94140625, 0.00014972686767578125, 7.486343383789062e-05, 0.00014972686767578125], [0.000675201416015625, 0.000362396240234375, 0.953125, 0.0004367828369140625], [0.0255126953125, 0.007293701171875, 0.74609375, 0.004150390625], [0.0016326904296875, 0.8984375, 0.000438690185546875, 0.000438690185546875], [0.0008544921875, 0.000705718994140625, 0.009765625, 0.68359375], [0.0016021728515625, 0.88671875, 0.000759124755859375, 0.000713348388671875], [0.00075531005859375, 0.828125, 0.0003566741943359375, 0.000457763671875], [0.0002574920654296875, 0.00048065185546875, 0.000843048095703125, 0.984375], [0.000835418701171875, 0.0004749298095703125, 0.97265625, 0.001373291015625], [0.0021514892578125, 0.8671875, 0.0002574920654296875, 0.0002002716064453125], [0.97265625, 0.0003261566162109375, 0.0001354217529296875, 0.00019741058349609375], [3.933906555175781e-05, 1.537799835205078e-05, 0.98046875, 9.441375732421875e-05], [0.0003070831298828125, 0.0002384185791015625, 0.97265625, 0.000885009765625], [0.0003662109375, 0.00022220611572265625, 0.0003223419189453125, 0.96484375], [8.106231689453125e-05, 3.361701965332031e-05, 0.89453125, 0.000133514404296875], [0.00066375732421875, 0.82421875, 0.0008544921875, 0.00066375732421875], [0.0003070831298828125, 0.000255584716796875, 0.91796875, 0.0003490447998046875], [0.00860595703125, 0.0052490234375, 0.00408935546875, 0.64453125], [0.01055908203125, 0.0068359375, 0.0020904541015625, 0.7421875], [0.96875, 0.00022411346435546875, 7.2479248046875e-05, 6.818771362304688e-05], [0.001220703125, 0.91796875, 0.00023937225341796875, 0.0002117156982421875], [0.0005645751953125, 0.0001430511474609375, 0.9609375, 0.00060272216796875], [0.000453948974609375, 0.87109375, 0.00022792816162109375, 0.0001773834228515625], [0.000171661376953125, 0.00015163421630859375, 0.95703125, 0.0020904541015625], [0.93359375, 0.000354766845703125, 0.00010824203491210938, 8.96453857421875e-05], [0.00048065185546875, 0.0003986358642578125, 0.002288818359375, 0.92578125], [0.97265625, 0.00014495849609375, 3.4332275390625e-05, 8.249282836914062e-05], [0.000579833984375, 0.0004253387451171875, 0.000957489013671875, 0.98828125], [0.00057220458984375, 0.859375, 0.00022411346435546875, 0.0003261566162109375], [0.000270843505859375, 0.0003261566162109375, 0.97265625, 0.00121307373046875], [0.000415802001953125, 0.90625, 0.000286102294921875, 0.0005340576171875], [0.0003490447998046875, 0.000476837158203125, 0.86328125, 0.0003490447998046875], [0.00092315673828125, 0.000766754150390625, 0.89453125, 0.0007171630859375], [0.005157470703125, 0.0033416748046875, 0.0021514892578125, 0.81640625], [0.0002460479736328125, 9.679794311523438e-05, 0.000461578369140625, 0.9453125], [0.87109375, 0.0007476806640625, 0.000659942626953125, 0.0010833740234375], [0.00021839141845703125, 0.00013256072998046875, 0.9453125, 0.00067138671875], [0.00089263916015625, 0.8125, 0.0004215240478515625, 0.000507354736328125], [0.0002593994140625, 0.000354766845703125, 0.9921875, 0.0009613037109375], [0.003875732421875, 0.73828125, 0.0004634857177734375, 0.000865936279296875], [0.00034332275390625, 0.000820159912109375, 0.0002079010009765625, 0.84765625], [0.9375, 0.0002460479736328125, 0.00011587142944335938, 0.00012302398681640625], [0.000934600830078125, 0.96484375, 0.001861572265625, 0.00119781494140625], [0.0020904541015625, 0.7421875, 0.00183868408203125, 0.001953125], [0.72265625, 0.000659942626953125, 0.00016689300537109375, 0.0002422332763671875], [0.000362396240234375, 0.000110626220703125, 0.00081634521484375, 0.953125], [0.007080078125, 0.046142578125, 0.72265625, 0.003143310546875], [0.000518798828125, 0.0018157958984375, 0.828125, 0.00124359130859375], [0.01470947265625, 0.002716064453125, 0.0047607421875, 0.625], [0.015625, 0.70703125, 0.0166015625, 0.00738525390625], [0.02392578125, 0.0036773681640625, 0.00238037109375, 0.84375], [0.0001850128173828125, 0.00012683868408203125, 0.000324249267578125, 0.96875], [0.0009613037109375, 0.000621795654296875, 0.9921875, 0.00139617919921875], [0.9765625, 4.4345855712890625e-05, 2.2292137145996094e-05, 2.5272369384765625e-05], [0.0010833740234375, 0.0006561279296875, 0.984375, 0.0040283203125], [0.00052642822265625, 0.00011730194091796875, 0.0004634857177734375, 0.94921875], [0.0040283203125, 0.87109375, 0.000957489013671875, 0.000701904296875], [0.91796875, 