{"mean_correct": 0.9999999403953552, "total_correct": 107, "is_correct": [1.0, 1.0, 1.0, 1.0, 1.0, 1.0, 1.0, 1.0, 1.0, 1.0, 1.0, 1.0, 1.0, 1.0, 1.0, 1.0, 1.0, 1.0, 1.0, 1.0, 1.0, 1.0, 1.0, 1.0, 1.0, 1.0, 1.0, 1.0, 1.0, 1.0, 1.0, 1.0, 1.0, 1.0, 1.0, 1.0, 1.0, 1.0, 1.0, 1.0, 1.0, 1.0, 1.0, 1.0, 1.0, 1.0, 1.0, 1.0, 1.0, 1.0, 1.0, 1.0, 1.0, 1.0, 1.0, 1.0, 1.0, 1.0, 1.0, 1.0, 1.0, 1.0, 1.0, 1.0, 1.0, 1.0, 1.0, 1.0, 1.0, 1.0, 1.0, 1.0, 1.0, 1.0, 1.0, 1.0, 1.0, 1.0, 1.0, 1.0, 1.0, 1.0, 1.0, 1.0, 1.0, 1.0, 1.0, 1.0, 1.0, 1.0, 1.0, 1.0, 1.0, 1.0, 1.0, 1.0, 1.0, 1.0, 1.0, 1.0, 1.0, 1.0, 1.0, 1.0, 1.0, 1.0, 1.0], "output_probs": [[0.00274658203125, 0.00274658203125, 0.005126953125, 0.86328125], [0.82421875, 0.00019073486328125, 0.00010824203491210938, 6.580352783203125e-05], [0.000759124755859375, 0.000461578369140625, 0.00067138671875, 0.88671875], [0.002685546875, 0.8984375, 0.002227783203125, 0.0009918212890625], [0.9140625, 0.0011444091796875, 0.00078582763671875, 0.001007080078125], [0.96484375, 0.00018405914306640625, 7.677078247070312e-05, 8.726119995117188e-05], [0.002227783203125, 0.00049591064453125, 0.00098419189453125, 0.953125], [0.000270843505859375, 8.7738037109375e-05, 0.97265625, 0.00083160400390625], [0.94921875, 0.0011138916015625, 0.00125885009765625, 0.0026702880859375], [7.343292236328125e-05, 5.745887756347656e-05, 0.984375, 0.0003108978271484375], [0.0030975341796875, 0.859375, 0.00579833984375, 0.0157470703125], [0.00104522705078125, 0.001617431640625, 0.0036468505859375, 0.94921875], [0.0028839111328125, 0.0032806396484375, 0.006500244140625, 0.90625], [0.0028533935546875, 0.00052642822265625, 0.89453125, 0.00152587890625], [0.0003948211669921875, 0.000164031982421875, 0.000736236572265625, 0.97265625], [0.00112152099609375, 0.00072479248046875, 0.00185394287109375, 0.9609375], [0.89453125, 0.004150390625, 0.003662109375, 0.00567626953125], [0.004974365234375, 0.00250244140625, 0.78515625, 0.01531982421875], [0.86328125, 0.0004215240478515625, 0.0001544952392578125, 0.00010013580322265625], [0.000308990478515625, 0.00015544891357421875, 0.98046875, 0.00045013427734375], [0.00439453125, 0.0020751953125, 0.890625, 0.00439453125], [0.94921875, 0.0001926422119140625, 0.0003185272216796875, 0.000141143798828125], [0.005767822265625, 0.91015625, 0.001556396484375, 0.000942230224609375], [0.0002899169921875, 0.00019931793212890625, 0.000949859619140625, 0.98046875], [4.76837158203125e-05, 6.532669067382812e-05, 0.984375, 0.0003509521484375], [0.78125, 0.00110626220703125, 0.002197265625, 0.0031890869140625], [0.0022430419921875, 0.003265380859375, 0.005035400390625, 0.9609375], [0.9375, 8.440017700195312e-05, 4.8160552978515625e-05, 9.012222290039062e-05], [0.003173828125, 0.00193023681640625, 0.003173828125, 0.8828125], [0.9453125, 0.00010967254638671875, 4.029273986816406e-05, 9.107589721679688e-05], [0.0031890869140625, 0.000629425048828125, 0.00133514404296875, 0.94140625], [0.0015411376953125, 0.000728607177734375, 0.90234375, 0.0009918212890625], [0.8671875, 0.004547119140625, 0.0027618408203125, 0.0035552978515625], [0.00011348724365234375, 0.00010013580322265625, 0.98046875, 0.00012874603271484375], [0.0059814453125, 0.734375, 0.00194549560546875, 0.0011749267578125], [0.97265625, 0.000164031982421875, 3.4332275390625e-05, 4.1484832763671875e-05], [0.00010538101196289062, 3.886222839355469e-05, 0.000324249267578125, 0.96875], [0.0003757476806640625, 0.00020122528076171875, 0.98828125, 0.0009613037109375], [0.0038299560546875, 0.00102996826171875, 0.9375, 0.000804901123046875], [0.94921875, 0.00016021728515625, 9.72747802734375e-05, 0.000232696533203125], [0.00057220458984375, 0.0002880096435546875, 0.96875, 0.0004177093505859375], [0.0024261474609375, 0.91796875, 0.000576019287109375, 0.00041961669921875], [0.001953125, 0.001953125, 0.09423828125, 0.6171875], [0.00101470947265625, 0.92578125, 0.000579833984375, 0.000579833984375], [0.001495361328125, 0.82421875, 0.000514984130859375, 0.000705718994140625], [0.00020122528076171875, 0.000453948974609375, 0.000583648681640625, 0.98828125], [0.0006561279296875, 0.0003509521484375, 0.984375, 0.00115203857421875], [0.00360107421875, 0.87890625, 0.0004291534423828125, 0.0002956390380859375], [0.9765625, 0.000476837158203125, 0.000225067138671875, 0.000255584716796875], [4.482269287109375e-05, 2.1219253540039062e-05, 0.98828125, 0.0001468658447265625], [0.0006103515625, 0.000370025634765625, 0.97265625, 0.001373291015625], [0.000347137451171875, 0.000270843505859375, 0.000537872314453125, 0.97265625], [0.00012969970703125, 4.76837158203125e-05, 0.92578125, 0.0001468658447265625], [0.44921875, 0.004974365234375, 0.08837890625, 0.003021240234375], [0.00049591064453125, 0.84375, 0.000530242919921875, 0.0003871917724609375], [0.000537872314453125, 0.000537872314453125, 0.91796875, 0.000507354736328125], [0.0125732421875, 0.0086669921875, 0.0052490234375, 0.60546875], [0.4296875, 0.005767822265625, 0.1787109375, 0.01141357421875], [0.0189208984375, 0.029296875, 0.00372314453125, 0.66796875], [0.9765625, 0.00023937225341796875, 6.437301635742188e-05, 4.4345855712890625e-05], [0.00091552734375, 0.94140625, 0.00018024444580078125, 0.0001316070556640625], [0.0005035400390625, 0.0001277923583984375, 0.97265625, 0.0006103515625], [0.00081634521484375, 0.83984375, 0.000598907470703125, 0.000362396240234375], [0.00022029876708984375, 0.00016117095947265625, 0.95703125, 0.0019683837890625], [0.95703125, 0.00022029876708984375, 8.630752563476562e-05, 7.62939453125e-05], [0.00058746337890625, 0.000553131103515625, 0.0021820068359375, 0.9375], [0.97265625, 0.0001983642578125, 4.4345855712890625e-05, 0.00010633468627929688], [0.000244140625, 0.00022983551025390625, 0.0004863739013671875, 0.99609375], [0.0010833740234375, 0.87109375, 0.0003986358642578125, 0.000545501708984375], [0.00037384033203125, 0.000396728515625, 0.98046875, 0.00167083740234375], [0.0009765625, 0.890625, 0.000762939453125, 0.00118255615234375], [0.94140625, 0.00133514404296875, 0.000629425048828125, 0.000522613525390625], [0.000492095947265625, 0.000629425048828125, 0.88671875, 0.0004062652587890625], [0.004547119140625, 0.0031280517578125, 0.0021514892578125, 0.8671875], [0.0002346038818359375, 0.00010395050048828125, 0.0004119873046875, 0.953125], [0.91796875, 0.00069427490234375, 0.000576019287109375, 0.00069427490234375], [0.00025177001953125, 0.00016307830810546875, 0.96484375, 0.000827789306640625], [0.000293731689453125, 0.0003337860107421875, 0.9921875, 0.00090789794921875], [0.006561279296875, 0.7109375, 0.000885009765625, 0.00146484375], [0.0003490447998046875, 0.00107574462890625, 0.000270843505859375, 0.859375], [0.94140625, 0.0002613067626953125, 0.00010919570922851562, 0.00014019012451171875], [0.0018463134765625, 0.95703125, 0.003662109375, 0.0018463134765625], [0.003326416015625, 0.71875, 0.0014801025390625, 0.0010833740234375], [0.74609375, 0.000640869140625, 0.0002079010009765625, 0.0002841949462890625], [0.0005340576171875, 0.00017261505126953125, 0.0015411376953125, 0.9609375], [0.000499725341796875, 0.00164031982421875, 0.8515625, 0.0013580322265625], [0.01953125, 0.00360107421875, 0.006744384765625, 0.64453125], [0.01153564453125, 0.7578125, 0.013916015625, 0.00616455078125], [0.008056640625, 0.0012359619140625, 0.000705718994140625, 0.93359375], [0.0003662109375, 0.0002689361572265625, 0.00060272216796875, 0.96484375], [0.00701904296875, 0.00958251953125, 0.0115966796875, 0.671875], [0.0019073486328125, 0.000957489013671875, 0.98828125, 0.00168609619140625], [0.98046875, 6.914138793945312e-05, 3.266334533691406e-05, 3.457069396972656e-05], [0.00189208984375, 0.000789642333984375, 0.98046875, 0.005462646484375], [0.0007781982421875, 0.0001735687255859375, 0.000732421875, 0.96875], [0.87890625, 0.003173828125, 0.00141143798828125, 0.00124359130859375], [0.9296875, 0.000331878662109375, 0.00012969970703125, 0.000293731689453125], [3.886222839355469e-05, 3.886222839355469e-05, 0.97265625, 0.000392913818359375], 