{"mean_correct": 1.0, "total_correct": 75, "is_correct": [1.0, 1.0, 1.0, 1.0, 1.0, 1.0, 1.0, 1.0, 1.0, 1.0, 1.0, 1.0, 1.0, 1.0, 1.0, 1.0, 1.0, 1.0, 1.0, 1.0, 1.0, 1.0, 1.0, 1.0, 1.0, 1.0, 1.0, 1.0, 1.0, 1.0, 1.0, 1.0, 1.0, 1.0, 1.0, 1.0, 1.0, 1.0, 1.0, 1.0, 1.0, 1.0, 1.0, 1.0, 1.0, 1.0, 1.0, 1.0, 1.0, 1.0, 1.0, 1.0, 1.0, 1.0, 1.0, 1.0, 1.0, 1.0, 1.0, 1.0, 1.0, 1.0, 1.0, 1.0, 1.0, 1.0, 1.0, 1.0, 1.0, 1.0, 1.0, 1.0, 1.0, 1.0, 1.0], "output_probs": [[7.343292236328125e-05, 7.82012939453125e-05, 0.98046875, 0.00010633468627929688], [0.00048828125, 0.73046875, 0.0011749267578125, 0.000972747802734375], [0.0003223419189453125, 0.90234375, 0.00019550323486328125, 0.0001621246337890625], [0.0030517578125, 0.90234375, 0.0027008056640625, 0.0019683837890625], [0.0002593994140625, 0.00015735626220703125, 0.000293731689453125, 0.875], [0.0002841949462890625, 0.000530242919921875, 0.95703125, 0.00135040283203125], [0.0128173828125, 0.007781982421875, 0.3515625, 0.001434326171875], [6.151199340820312e-05, 0.00015735626220703125, 0.93359375, 0.00140380859375], [0.000274658203125, 0.00022792816162109375, 0.87109375, 0.00079345703125], [0.5703125, 0.00408935546875, 0.0020599365234375, 0.0267333984375], [0.00018978118896484375, 0.00012302398681640625, 0.000621795654296875, 0.93359375], [9.202957153320312e-05, 8.678436279296875e-05, 0.90234375, 0.0002498626708984375], [0.0017547607421875, 0.85546875, 4.124641418457031e-05, 5.2928924560546875e-05], [0.94140625, 0.000553131103515625, 0.0004596710205078125, 0.0002307891845703125], [8.249282836914062e-05, 7.295608520507812e-05, 0.0001201629638671875, 0.859375], [0.00041961669921875, 7.295608520507812e-05, 6.437301635742188e-05, 0.859375], [0.001617431640625, 0.0026702880859375, 0.94921875, 0.00439453125], [0.953125, 0.0002651214599609375, 0.000125885009765625, 0.00010395050048828125], [0.98046875, 0.00115203857421875, 0.00045013427734375, 0.0006561279296875], [0.00119781494140625, 0.00112152099609375, 0.002532958984375, 0.9609375], [2.5987625122070312e-05, 9.679794311523438e-05, 0.9453125, 0.00035858154296875], [0.0018310546875, 0.000247955322265625, 0.94921875, 0.0007171630859375], [0.95703125, 4.935264587402344e-05, 2.9921531677246094e-05, 1.245737075805664e-05], [0.0250244140625, 0.0038299560546875, 0.8828125, 0.0010986328125], [0.0029449462890625, 0.49609375, 0.01031494140625, 0.00122833251953125], [0.92578125, 0.0010833740234375, 0.00051116943359375, 0.000423431396484375], [0.006988525390625, 0.0045166015625, 0.9140625, 0.004791259765625], [0.002685546875, 0.0025177001953125, 0.953125, 0.002685546875], [0.0001850128173828125, 0.00030517578125, 0.0003681182861328125, 0.91015625], [0.0021209716796875, 0.91015625, 0.00083160400390625, 0.0003261566162109375], [0.005828857421875, 0.0021514892578125, 0.0115966796875, 0.67578125], [0.98828125, 0.0002918243408203125, 0.00013828277587890625, 7.867813110351562e-05], [0.001007080078125, 0.0003490447998046875, 0.000888824462890625, 0.91796875], [0.96875, 1.71661376953125e-05, 7.62939453125e-06, 9.238719940185547e-06], [9.441375732421875e-05, 0.000156402587890625, 0.984375, 0.0003108978271484375], [0.9296875, 0.000583648681640625, 0.000331878662109375, 0.00020122528076171875], [0.93359375, 0.00080108642578125, 0.0004024505615234375, 0.00022983551025390625], [5.030632019042969e-05, 3.24249267578125e-05, 0.921875, 0.000186920166015625], [0.97265625, 8.7738037109375e-05, 3.039836883544922e-05, 2.086162567138672e-05], [0.000278472900390625, 0.00014019012451171875, 0.000518798828125, 0.8828125], [0.000507354736328125, 0.000446319580078125, 0.000446319580078125, 0.9140625], [0.01226806640625, 0.006561279296875, 0.58984375, 0.0079345703125], [0.00122833251953125, 0.000701904296875, 0.001312255859375, 0.87109375], [0.0003376007080078125, 0.88671875, 0.0004596710205078125, 0.00067138671875], [0.0003643035888671875, 0.8984375, 8.106231689453125e-05, 8.106231689453125e-05], [0.0006256103515625, 0.87890625, 0.0004291534423828125, 0.0002765655517578125], [0.0005950927734375, 0.000247955322265625, 0.94921875, 0.0002651214599609375], [0.004150390625, 0.89453125, 0.0050048828125, 0.001953125], [0.00020694732666015625, 7.581710815429688e-05, 0.000385284423828125, 0.84375], [0.00055694580078125, 0.000461578369140625, 0.0020599365234375, 0.9453125], [0.000537872314453125, 0.91015625, 0.000885009765625, 0.0007781982421875], [0.9453125, 0.000492095947265625, 0.000141143798828125, 4.863739013671875e-05], [0.00018024444580078125, 0.0001163482666015625, 0.000759124755859375, 0.8828125], [0.00125885009765625, 0.9453125, 0.003875732421875, 0.000247955322265625], [0.00077056884765625, 0.84375, 0.002227783203125, 0.000873565673828125], [0.9609375, 7.62939453125e-05, 4.363059997558594e-05, 4.363059997558594e-05], [0.9375, 0.0038299560546875, 0.004913330078125, 0.002471923828125], [0.94140625, 0.00021648406982421875, 0.0001316070556640625, 0.00018024444580078125], [0.00080108642578125, 0.000553131103515625, 0.9375, 0.0004291534423828125], [9.489059448242188e-05, 9.489059448242188e-05, 0.9296875, 0.00016689300537109375], [0.0003814697265625, 0.94140625, 0.0003566741943359375, 0.0003814697265625], [0.9765625, 0.000270843505859375, 0.00023937225341796875, 0.00017547607421875], [0.0016326904296875, 0.0010528564453125, 0.95703125, 0.0020904541015625], [7.534027099609375e-05, 8.535385131835938e-05, 0.000629425048828125, 0.94140625], [0.000713348388671875, 0.88671875, 0.00035858154296875, 0.0004596710205078125], [0.00133514404296875, 0.94921875, 0.003204345703125, 0.00067138671875], [0.00034332275390625, 0.00020885467529296875, 0.9609375, 0.00038909912109375], [0.0693359375, 0.58203125, 0.00112152099609375, 0.00060272216796875], [0.8203125, 0.0020294189453125, 0.00061798095703125, 0.0004520416259765625], [0.007415771484375, 0.005401611328125, 0.004486083984375, 0.85546875], [0.87109375, 0.01239013671875, 0.01495361328125, 0.0159912109375], [0.89453125, 0.000865936279296875, 0.0004634857177734375, 0.0004367828369140625], [0.96484375, 4.673004150390625e-05, 3.8623809814453125e-05, 2.3484230041503906e-05], [0.0010223388671875, 0.000843048095703125, 0.92578125, 0.00139617919921875], [0.01495361328125, 0.46484375, 0.0027618408203125, 0.0021514892578125]]}