{"mean_correct": 1.0, "total_correct": 9, "is_correct": [1.0, 1.0, 1.0, 1.0, 1.0, 1.0, 1.0, 1.0, 1.0], "output_probs": [[0.0012359619140625, 0.0264892578125, 0.7734375, 0.0016937255859375], [0.91796875, 0.0016632080078125, 0.00177001953125, 0.00274658203125], [0.0006561279296875, 0.000396728515625, 0.000789642333984375, 0.98046875], [9.918212890625e-05, 0.0001735687255859375, 0.96875, 0.0004444122314453125], [0.0018463134765625, 0.95703125, 0.007293701171875, 0.002227783203125], [0.00144195556640625, 0.004180908203125, 0.84765625, 0.00185394287109375], [0.87109375, 0.0026092529296875, 0.0037841796875, 0.0021514892578125], [0.921875, 0.000698089599609375, 0.00095367431640625, 0.00051116943359375], [0.91796875, 0.003753662109375, 0.0042724609375, 0.003753662109375]]}