{"mean_correct": 1.0, "total_correct": 106, "is_correct": [1.0, 1.0, 1.0, 1.0, 1.0, 1.0, 1.0, 1.0, 1.0, 1.0, 1.0, 1.0, 1.0, 1.0, 1.0, 1.0, 1.0, 1.0, 1.0, 1.0, 1.0, 1.0, 1.0, 1.0, 1.0, 1.0, 1.0, 1.0, 1.0, 1.0, 1.0, 1.0, 1.0, 1.0, 1.0, 1.0, 1.0, 1.0, 1.0, 1.0, 1.0, 1.0, 1.0, 1.0, 1.0, 1.0, 1.0, 1.0, 1.0, 1.0, 1.0, 1.0, 1.0, 1.0, 1.0, 1.0, 1.0, 1.0, 1.0, 1.0, 1.0, 1.0, 1.0, 1.0, 1.0, 1.0, 1.0, 1.0, 1.0, 1.0, 1.0, 1.0, 1.0, 1.0, 1.0, 1.0, 1.0, 1.0, 1.0, 1.0, 1.0, 1.0, 1.0, 1.0, 1.0, 1.0, 1.0, 1.0, 1.0, 1.0, 1.0, 1.0, 1.0, 1.0, 1.0, 1.0, 1.0, 1.0, 1.0, 1.0, 1.0, 1.0, 1.0, 1.0, 1.0, 1.0], "output_probs": [[0.002552032470703125, 0.002544403076171875, 0.004547119140625, 0.86865234375], [0.84228515625, 0.0002446174621582031, 0.00014650821685791016, 8.112192153930664e-05], [0.000942230224609375, 0.0005474090576171875, 0.0008072853088378906, 0.89501953125], [0.00315093994140625, 0.91015625, 0.0024356842041015625, 0.00106048583984375], [0.91259765625, 0.0012683868408203125, 0.000988006591796875, 0.0012254714965820312], [0.96533203125, 0.00021648406982421875, 9.79304313659668e-05, 0.0001157522201538086], [0.0023345947265625, 0.0005669593811035156, 0.0010662078857421875, 0.953125], [0.9443359375, 0.00103759765625, 0.0012769699096679688, 0.0023651123046875], [8.016824722290039e-05, 6.222724914550781e-05, 0.98388671875, 0.00030875205993652344], [0.0034198760986328125, 0.8623046875, 0.006053924560546875, 0.01495361328125], [0.001033782958984375, 0.0016565322875976562, 0.003360748291015625, 0.95654296875], [0.0036220550537109375, 0.0036296844482421875, 0.00762939453125, 0.89599609375], [0.0031280517578125, 0.0005464553833007812, 0.8935546875, 0.0015106201171875], [0.0005660057067871094, 0.00023162364959716797, 0.0008788108825683594, 0.97265625], [0.0015535354614257812, 0.0009012222290039062, 0.0019683837890625, 0.955078125], [0.90380859375, 0.00372314453125, 0.0037364959716796875, 0.004627227783203125], [0.00676727294921875, 0.0037593841552734375, 0.69775390625, 0.0274505615234375], [0.85888671875, 0.00045299530029296875, 0.0001920461654663086, 0.0001189112663269043], [0.0003733634948730469, 0.00016021728515625, 0.9814453125, 0.00045418739318847656], [0.004970550537109375, 0.0023174285888671875, 0.89208984375, 0.00490570068359375], [0.9462890625, 0.0001876354217529297, 0.0003376007080078125, 0.00013267993927001953], [0.006801605224609375, 0.8984375, 0.0018749237060546875, 0.001110076904296875], [0.0004658699035644531, 0.00034689903259277344, 0.0015478134155273438, 0.9736328125], [5.8770179748535156e-05, 7.295608520507812e-05, 0.9833984375, 0.00038170814514160156], [0.81689453125, 0.00131988525390625, 0.0023593902587890625, 0.003025054931640625], [0.0029125213623046875, 0.00371551513671875, 0.005962371826171875, 0.96142578125], [0.91943359375, 0.00010979175567626953, 6.866455078125e-05, 0.00010591745376586914], [0.00452423095703125, 0.002593994140625, 0.00399017333984375, 0.85888671875], [0.9482421875, 0.00013399124145507812, 5.352497100830078e-05, 0.00010412931442260742], [0.0036144256591796875, 0.0006971359252929688, 0.001544952392578125, 0.94091796875], [0.00164031982421875, 0.00074005126953125, 0.900390625, 0.000843048095703125], [0.85009765625, 0.005290985107421875, 0.0034160614013671875, 0.004039764404296875], [0.00015878677368164062, 0.00011610984802246094, 0.978515625, 0.00016105175018310547], [0.00893402099609375, 0.7119140625, 0.002643585205078125, 0.0015668869018554688], [0.97216796875, 0.0001811981201171875, 4.70280647277832e-05, 4.690885543823242e-05], [0.0001728534698486328, 5.626678466796875e-05, 0.0004181861877441406, 0.95654296875], [0.0004372596740722656, 0.0002313852310180664, 0.98876953125, 0.0009613037109375], [0.00476837158203125, 0.0010929107666015625, 0.93994140625, 0.0008511543273925781], [0.9453125, 0.00022339820861816406, 0.0001342296600341797, 0.00029468536376953125], [0.0007762908935546875, 0.0003628730773925781, 0.96044921875, 0.000469207763671875], [0.0027370452880859375, 0.92919921875, 0.0006475448608398438, 0.00038313865661621094], [0.00237274169921875, 0.0020847320556640625, 0.07073974609375, 0.6220703125], [0.001796722412109375, 0.91015625, 0.0008177757263183594, 0.000823974609375], [0.001926422119140625, 0.7958984375, 0.0005993843078613281, 0.0007767677307128906], [0.0003075599670410156, 0.0006194114685058594, 0.0007839202880859375, 0.98681640625], [0.0006766319274902344, 0.00035071372985839844, 0.98388671875, 0.0011930465698242188], [0.00453948974609375, 0.8818359375, 0.0005097389221191406, 0.00032067298889160156], [0.974609375, 0.0005917549133300781, 0.0003266334533691406, 0.0003883838653564453], [5.9485435485839844e-05, 2.771615982055664e-05, 0.98828125, 0.00017654895782470703], [0.0008287429809570312, 0.00047659873962402344, 0.96875, 0.0016384124755859375], [0.0004856586456298828, 0.00031495094299316406, 0.0005545616149902344, 0.96240234375], [0.00017571449279785156, 5.733966827392578e-05, 0.9375, 0.0001519918441772461], [0.0006494522094726562, 0.83056640625, 0.0006351470947265625, 0.0004303455352783203], [0.0006184577941894531, 0.0005702972412109375, 0.9296875, 0.0004897117614746094], [0.0158538818359375, 0.009796142578125, 0.005207061767578125, 0.61181640625], [0.52734375, 0.00566864013671875, 0.09765625, 0.01096343994140625], [0.0120697021484375, 0.00646209716796875, 0.002315521240234375, 0.7646484375], [0.97412109375, 0.0002448558807373047, 6.943941116333008e-05, 4.297494888305664e-05], [0.0010433197021484375, 0.93408203125, 0.00019669532775878906, 0.00013959407806396484], [0.0005674362182617188, 0.00013840198516845703, 0.970703125, 0.0005736351013183594], [0.0008678436279296875, 0.85498046875, 0.0005121231079101562, 0.00030541419982910156], [0.0003409385681152344, 0.00021660327911376953, 0.94970703125, 0.0020923614501953125], [0.95458984375, 0.0002853870391845703, 0.0001327991485595703, 0.00011098384857177734], [0.91845703125, 0.004161834716796875, 0.0026187896728515625, 0.0039043426513671875], [0.0008831024169921875, 0.0007958412170410156, 0.00263214111328125, 0.93408203125], [0.97119140625, 0.00020253658294677734, 5.739927291870117e-05, 0.00011169910430908203], [0.0003211498260498047, 0.00029850006103515625, 0.0006413459777832031, 0.994140625], [0.0012722015380859375, 0.87353515625, 0.0003612041473388672, 0.0004734992980957031], [0.000522613525390625, 0.0004887580871582031, 0.97900390625, 0.001956939697265625], [0.001300811767578125, 0.88330078125, 0.0009050369262695312, 0.0013837814331054688], [0.93994140625, 0.0011930465698242188, 0.0006556510925292969, 0.0004513263702392578], [0.0005736351013183594, 0.0006170272827148438, 0.88037109375, 0.00038933753967285156], [0.00832366943359375, 0.004425048828125, 0.0028514862060546875, 0.8388671875], [0.0003254413604736328, 0.000156402587890625, 0.0005216598510742188, 0.9501953125], [0.91845703125, 0.0006895065307617188, 0.0006847381591796875, 0.0007295608520507812], [0.00036787986755371094, 0.0002391338348388672, 0.9609375, 0.00098419189453125], [0.00041103363037109375, 0.0005035400390625, 0.9931640625, 0.0010366439819335938], [0.006805419921875, 0.73388671875, 0.0008840560913085938, 0.0013723373413085938], [0.00039768218994140625, 0.0010766983032226562, 0.00029659271240234375, 0.869140625], [0.9384765625, 0.0003426074981689453, 0.000164031982421875, 0.00020599365234375], [0.0019054412841796875, 0.95556640625, 0.0029773712158203125, 0.0017251968383789062], [0.005092620849609375, 0.71923828125, 0.00238037109375, 0.0017595291137695312], [0.76611328125, 0.0009355545043945312, 0.0003247261047363281, 0.0004036426544189453], [0.000568389892578125, 0.0001710653305053711, 0.0013818740844726562, 0.9638671875], [0.0006356239318847656, 0.0019378662109375, 0.837890625, 0.001361846923828125], [0.01934814453125, 0.0041351318359375, 0.00807952880859375, 0.658203125], [0.0198211669921875, 0.7451171875, 0.01727294921875, 0.007511138916015625], [0.007770538330078125, 0.0010480880737304688, 0.0006546974182128906, 0.92724609375], [0.0004916191101074219, 0.00036525726318359375, 