{"mean_correct": 1.0, "total_correct": 81, "is_correct": [1.0, 1.0, 1.0, 1.0, 1.0, 1.0, 1.0, 1.0, 1.0, 1.0, 1.0, 1.0, 1.0, 1.0, 1.0, 1.0, 1.0, 1.0, 1.0, 1.0, 1.0, 1.0, 1.0, 1.0, 1.0, 1.0, 1.0, 1.0, 1.0, 1.0, 1.0, 1.0, 1.0, 1.0, 1.0, 1.0, 1.0, 1.0, 1.0, 1.0, 1.0, 1.0, 1.0, 1.0, 1.0, 1.0, 1.0, 1.0, 1.0, 1.0, 1.0, 1.0, 1.0, 1.0, 1.0, 1.0, 1.0, 1.0, 1.0, 1.0, 1.0, 1.0, 1.0, 1.0, 1.0, 1.0, 1.0, 1.0, 1.0, 1.0, 1.0, 1.0, 1.0, 1.0, 1.0, 1.0, 1.0, 1.0, 1.0, 1.0, 1.0], "output_probs": [[0.0017147064208984375, 0.0010967254638671875, 0.0024280548095703125, 0.626953125], [0.0012216567993164062, 0.0019207000732421875, 0.0018548965454101562, 0.85693359375], [0.0003311634063720703, 6.854534149169922e-05, 0.98291015625, 0.0002111196517944336], [0.90234375, 0.002964019775390625, 0.0025730133056640625, 0.00699615478515625], [0.0026836395263671875, 0.677734375, 0.11956787109375, 0.0181732177734375], [0.01352691650390625, 0.452392578125, 0.033660888671875, 0.009490966796875], [0.865234375, 0.0011072158813476562, 0.0019426345825195312, 0.0006055831909179688], [0.005771636962890625, 0.83154296875, 0.004756927490234375, 0.00171661376953125], [0.966796875, 5.9723854064941406e-05, 5.6862831115722656e-05, 3.6597251892089844e-05], [0.0011854171752929688, 0.89794921875, 0.00034928321838378906, 0.00011795759201049805], [0.00395965576171875, 0.0009303092956542969, 0.876953125, 0.00042319297790527344], [0.9541015625, 0.0003025531768798828, 0.00023436546325683594, 0.0003249645233154297], [0.95947265625, 8.100271224975586e-05, 0.0001304149627685547, 7.641315460205078e-05], [0.00017940998077392578, 0.00015878677368164062, 0.0004763603210449219, 0.9599609375], [0.95751953125, 0.0006184577941894531, 0.00026869773864746094, 9.608268737792969e-05], [0.004451751708984375, 0.466796875, 0.00240325927734375, 0.0013208389282226562], [0.0047149658203125, 0.72265625, 0.0040130615234375, 0.0019140243530273438], [0.006015777587890625, 0.91357421875, 0.0027713775634765625, 0.0019550323486328125], [0.0193023681640625, 0.513671875, 0.00661468505859375, 0.0016145706176757812], [0.91455078125, 0.001918792724609375, 0.002429962158203125, 0.0014257431030273438], [0.0001958608627319336, 0.0001245737075805664, 0.984375, 0.00045490264892578125], [0.0019369125366210938, 0.03045654296875, 0.72021484375, 0.0009927749633789062], [0.0028133392333984375, 0.0006728172302246094, 0.86376953125, 0.0009307861328125], [0.00572967529296875, 0.7958984375, 0.0014390945434570312, 0.0011110305786132812], [0.85888671875, 0.0005373954772949219, 0.0008249282836914062, 0.0018491744995117188], [4.655122756958008e-05, 1.811981201171875e-05, 0.97216796875, 9.590387344360352e-05], [0.9609375, 0.0005927085876464844, 0.00012481212615966797, 6.604194641113281e-05], [0.9404296875, 0.0007586479187011719, 0.0004086494445800781, 0.0008249282836914062], [0.0010786056518554688, 0.92333984375, 0.0004134178161621094, 0.0002384185791015625], [0.94189453125, 0.0005660057067871094, 0.0003025531768798828, 0.00017023086547851562], [0.0009641647338867188, 0.9365234375, 0.0007734298706054688, 0.0003628730773925781], [0.002262115478515625, 0.931640625, 0.0012197494506835938, 0.0008168220520019531], [0.005458831787109375, 0.9130859375, 0.00408172607421875, 0.001373291015625], [0.96044921875, 0.0002084970474243164, 0.0001571178436279297, 3.2961368560791016e-05], [0.0008492469787597656, 0.0005097389221191406, 0.87939453125, 0.0006098747253417969], [0.5654296875, 0.01001739501953125, 0.0113372802734375, 0.018280029296875], [0.0005164146423339844, 0.95068359375, 0.0012464523315429688, 0.000614166259765625], [0.00707244873046875, 0.00513458251953125, 0.828125, 0.0036334991455078125], [0.00016558170318603516, 0.00023174285888671875, 0.98095703125, 0.00014007091522216797], [0.9736328125, 8.779764175415039e-05, 0.00011223554611206055, 5.0127506256103516e-05], [0.001644134521484375, 0.0019969940185546875, 0.006137847900390625, 0.8212890625], [0.0080413818359375, 0.935546875, 0.01453399658203125, 0.0076751708984375], [0.94677734375, 0.000682830810546875, 0.0004432201385498047, 0.00019621849060058594], [0.00792694091796875, 0.79150390625, 0.00716400146484375, 0.00691986083984375], [0.982421875, 0.0001550912857055664, 0.00011986494064331055, 0.00015819072723388672], [0.00016498565673828125, 0.96044921875, 0.00016880035400390625, 9.72747802734375e-05], [0.0027904510498046875, 0.91455078125, 0.0009236335754394531, 0.0004611015319824219], [0.94873046875, 0.0006794929504394531, 0.0016679763793945312, 0.0005497932434082031], [0.96923828125, 0.0003821849822998047, 0.00042939186096191406, 0.0004284381866455078], [0.0059356689453125, 0.84912109375, 0.0024318695068359375, 0.0007166862487792969], [0.0072021484375, 0.33544921875, 0.004924774169921875, 0.0019893646240234375], [0.67578125, 0.058319091796875, 0.0244293212890625, 0.03521728515625], [0.00412750244140625, 0.84619140625, 0.007144927978515625, 0.01158905029296875], [0.00011616945266723633, 0.98681640625, 0.00011074542999267578, 7.081031799316406e-05], [0.0002837181091308594, 0.00013196468353271484, 0.93896484375, 0.0003008842468261719], [0.87109375, 0.0016326904296875, 0.000701904296875, 0.0003371238708496094], [0.02166748046875, 0.005138397216796875, 0.87890625, 0.0040740966796875], [0.0014190673828125, 0.0007767677307128906, 0.95947265625, 0.0009312629699707031], [0.0011205673217773438, 0.85400390625, 0.01153564453125, 0.0021514892578125], [0.0003223419189453125, 0.0004551410675048828, 0.00093841552734375, 0.96044921875], [0.9267578125, 0.0002548694610595703, 0.00022721290588378906, 0.00010699033737182617], [0.028076171875, 0.8681640625, 0.022491455078125, 0.01012420654296875], [0.000278472900390625, 0.0002124309539794922, 0.93017578125, 0.000652313232421875], [0.0009059906005859375, 0.845703125, 0.0027027130126953125, 0.0011205673217773438], [0.00015532970428466797, 0.00012612342834472656, 0.96337890625, 0.0005855560302734375], [8.845329284667969e-05, 6.92605972290039e-05, 0.97802734375, 0.00047016143798828125], [0.9091796875, 0.003662109375, 0.0013475418090820312, 0.0017757415771484375], [0.0001004934310913086, 0.00019502639770507812, 0.98583984375, 0.00013935565948486328], [0.01100921630859375, 0.002635955810546875, 0.0039825439453125, 0.86962890625], [0.012237548828125, 0.88623046875, 0.0088958740234375, 0.0036029815673828125], [0.0012483596801757812, 0.0013370513916015625, 0.97021484375, 0.0009541511535644531], [0.92626953125, 0.0007290840148925781, 0.0006279945373535156, 0.0004711151123046875], [0.96875, 0.0005183219909667969, 0.00025391578674316406, 0.0003199577331542969], [0.0005068778991699219, 0.0002968311309814453, 0.97216796875, 0.0003459453582763672], [0.00022912025451660156, 0.9296875, 0.0004973411560058594, 0.0001709461212158203], [0.86083984375, 0.0016355514526367188, 0.0010766983032226562, 0.0005908012390136719], [0.00455474853515625, 0.853515625, 0.00482940673828125, 0.00447845458984375], [0.90625, 0.0015115737915039062, 0.0015535354614257812, 0.0009388923645019531], [0.0028095245361328125, 0.79052734375, 0.0020465850830078125, 0.0010776519775390625], [0.0030765533447265625, 0.8701171875, 0.0009822845458984375, 0.0005660057067871094], [0.97705078125, 0.0004863739013671875, 0.0005288124084472656, 0.0002334117889404297]], "actual_answers": [3, 3, 2, 0, 1, 1, 0, 1, 0, 1, 2, 0, 0, 3, 0, 1, 1, 1, 1, 0, 2, 2, 2, 1, 0, 2, 0, 0, 1, 0, 1, 1, 1, 0, 2, 0, 1, 2, 2, 0, 3, 1, 0, 1, 0, 1, 1, 0, 0, 1, 1, 0, 1, 1, 2, 0, 2, 2, 1, 3, 0, 1, 2, 1, 2, 2, 0, 2, 3, 1, 2, 0, 0, 2, 1, 0, 1, 0, 1, 1, 0], "predicted_answers": [3, 3, 2, 0, 1, 1, 0, 1, 0, 1, 2, 0, 0, 3, 0, 1, 1, 1, 1, 0, 2, 2, 2, 1, 0, 2, 0, 0, 1, 0, 1, 1, 1, 0, 2, 0, 1, 2, 2, 0, 3, 1, 0, 1, 0, 1, 1, 0, 0, 1, 1, 0, 1, 1, 2, 0, 2, 2, 1, 3, 0, 1, 2, 1, 2, 2, 0, 2, 3, 1, 2, 0, 0, 2, 1, 0, 1, 0, 1, 1, 0],