{"mean_correct": 1.0, "total_correct": 104, "is_correct": [1.0, 1.0, 1.0, 1.0, 1.0, 1.0, 1.0, 1.0, 1.0, 1.0, 1.0, 1.0, 1.0, 1.0, 1.0, 1.0, 1.0, 1.0, 1.0, 1.0, 1.0, 1.0, 1.0, 1.0, 1.0, 1.0, 1.0, 1.0, 1.0, 1.0, 1.0, 1.0, 1.0, 1.0, 1.0, 1.0, 1.0, 1.0, 1.0, 1.0, 1.0, 1.0, 1.0, 1.0, 1.0, 1.0, 1.0, 1.0, 1.0, 1.0, 1.0, 1.0, 1.0, 1.0, 1.0, 1.0, 1.0, 1.0, 1.0, 1.0, 1.0, 1.0, 1.0, 1.0, 1.0, 1.0, 1.0, 1.0, 1.0, 1.0, 1.0, 1.0, 1.0, 1.0, 1.0, 1.0, 1.0, 1.0, 1.0, 1.0, 1.0, 1.0, 1.0, 1.0, 1.0, 1.0, 1.0, 1.0, 1.0, 1.0, 1.0, 1.0, 1.0, 1.0, 1.0, 1.0, 1.0, 1.0, 1.0, 1.0, 1.0, 1.0, 1.0, 1.0], "output_probs": [[0.01367950439453125, 0.74755859375, 0.0078125, 0.0025615692138671875], [0.0005164146423339844, 0.00044846534729003906, 0.000782012939453125, 0.76220703125], [0.0007643699645996094, 0.0005359649658203125, 0.92041015625, 0.0005006790161132812], [0.00403594970703125, 0.0016222000122070312, 0.0016393661499023438, 0.8232421875], [0.98583984375, 0.0002040863037109375, 0.0001938343048095703, 0.00011068582534790039], [0.0003428459167480469, 0.0005660057067871094, 0.0014219284057617188, 0.89599609375], [0.039276123046875, 0.00969696044921875, 0.009063720703125, 0.84521484375], [0.0009069442749023438, 0.0004944801330566406, 0.0012378692626953125, 0.96923828125], [0.00096893310546875, 0.859375, 0.0013551712036132812, 0.000629425048828125], [0.0006022453308105469, 0.00018215179443359375, 0.93115234375, 0.0005803108215332031], [0.00040030479431152344, 0.00021636486053466797, 0.9169921875, 0.00037598609924316406], [0.00194549560546875, 0.0028514862060546875, 0.00249481201171875, 0.8076171875], [0.00023365020751953125, 0.91943359375, 0.00025391578674316406, 0.00021851062774658203], [0.990234375, 5.310773849487305e-05, 6.282329559326172e-05, 1.1086463928222656e-05], [0.00806427001953125, 0.7939453125, 0.0023784637451171875, 0.0014133453369140625], [0.982421875, 4.315376281738281e-05, 3.409385681152344e-05, 3.814697265625e-05], [0.990234375, 0.00010353326797485352, 8.696317672729492e-05, 4.184246063232422e-05], [0.0010824203491210938, 0.0006518363952636719, 0.9423828125, 0.0010023117065429688], [0.0003960132598876953, 0.0005578994750976562, 0.96826171875, 0.00035309791564941406], [0.0023136138916015625, 0.001583099365234375, 0.0029697418212890625, 0.8740234375], [0.93701171875, 0.0001767873764038086, 0.00013875961303710938, 9.161233901977539e-05], [0.0182037353515625, 0.69140625, 0.00762176513671875, 0.006526947021484375], [0.0004334449768066406, 0.00036525726318359375, 0.0005216598510742188, 0.8564453125], [0.82177734375, 0.0011320114135742188, 0.00839996337890625, 0.0007600784301757812], [0.9560546875, 0.0001270771026611328, 9.238719940185547e-05, 3.4928321838378906e-05], [0.00247955322265625, 0.0014133453369140625, 0.0028057098388671875, 0.87255859375], [0.95263671875, 8.64267349243164e-05, 4.601478576660156e-05, 5.5849552154541016e-05], [0.00194549560546875, 0.002704620361328125, 0.00777435302734375, 0.9443359375], [0.0002493858337402344, 0.00019538402557373047, 0.0003135204315185547, 0.9384765625], [0.00565338134765625, 0.0016317367553710938, 0.908203125, 0.0008974075317382812], [9.894371032714844e-05, 0.0001691579818725586, 0.94677734375, 0.00018227100372314453], [0.00013589859008789062, 0.00013530254364013672, 0.0002460479736328125, 0.79931640625], [0.002887725830078125, 0.8447265625, 0.00249481201171875, 0.001140594482421875], [0.00013899803161621094, 0.84521484375, 0.0005230903625488281, 0.0002608299255371094], [0.90625, 0.0004687309265136719, 0.00044083595275878906, 0.0003330707550048828], [0.00022494792938232422, 0.000148773193359375, 0.00040435791015625, 0.982421875], [0.0032901763916015625, 0.0016736984252929688, 0.0111846923828125, 0.93310546875], [0.810546875, 0.005214691162109375, 0.0032596588134765625, 0.0032138824462890625], [0.008270263671875, 0.0233917236328125, 0.0025768280029296875, 0.5810546875], [0.004150390625, 0.69482421875, 0.0017499923706054688, 0.0009012222290039062], [0.0002053976058959961, 0.00015604496002197266, 0.8701171875, 0.00029397010803222656], [0.0015735626220703125, 0.943359375, 0.0005011558532714844, 0.0003719329833984375], [4.0411949157714844e-05, 1.9431114196777344e-05, 0.94775390625, 0.00021827220916748047], [0.0001971721649169922, 0.0001251697540283203, 0.0004572868347167969, 0.96630859375], [0.0372314453125, 0.007781982421875, 0.01004791259765625, 0.6884765625], [0.044647216796875, 0.02239990234375, 0.0050048828125, 0.7490234375], [0.005481719970703125, 0.84423828125, 0.0025234222412109375, 0.0013675689697265625], [0.00031948089599609375, 0.00011289119720458984, 0.95556640625, 6.598234176635742e-05], [0.00016295909881591797, 3.8504600524902344e-05, 0.978515625, 0.0004887580871582031], [0.005115509033203125, 0.0015106201171875, 0.96923828125, 0.0008616447448730469], [0.0020198822021484375, 0.7978515625, 0.002239227294921875, 0.0008382797241210938], [0.0011777877807617188, 0.00028228759765625, 0.0008206367492675781, 0.931640625], [0.0009794235229492188, 0.0003840923309326172, 0.002277374267578125, 0.7841796875], [0.97216796875, 4.5359134674072266e-05, 8.052587509155273e-05, 3.904104232788086e-05], [0.0013456344604492188, 0.8056640625, 0.0005178451538085938, 0.0002753734588623047], [0.0033168792724609375, 0.9091796875, 0.0018978118896484375, 0.0011014938354492188], [0.00037026405334472656, 0.0013637542724609375, 0.0038318634033203125, 0.80810546875], [0.0014085769653320312, 0.81982421875, 0.00269317626953125, 0.0012416839599609375], [0.010894775390625, 0.001575469970703125, 0.003753662109375, 0.96044921875], [0.0008654594421386719, 0.002147674560546875, 0.002231597900390625, 0.87060546875], [0.002838134765625, 0.00240325927734375, 0.01300811767578125, 0.93408203125], [0.966796875, 0.003997802734375, 0.003047943115234375, 0.0017261505126953125], [0.0010280609130859375, 0.95947265625, 0.0007443428039550781, 0.00036835670471191406], [0.001598358154296875, 0.0008025169372558594, 0.00388336181640625, 0.9794921875], [0.0003082752227783203, 0.00013303756713867188, 0.00012201070785522461, 0.85693359375], [0.0001569986343383789, 0.00029206275939941406, 0.9521484375, 0.0002224445343017578], [0.0017633438110351562, 0.0013256072998046875, 0.004993438720703125, 0.95556640625], [0.001129150390625, 0.0004150867462158203, 0.91845703125, 0.0004189014434814453], [0.0010251998901367188, 0.00019252300262451172, 0.9443359375, 0.00037932395935058594], [0.001102447509765625, 0.97705078125, 0.00014913082122802734, 8.83340835571289e-05], [0.0015783309936523438, 0.0016994476318359375, 0.00628662109375, 0.9658203125], [0.0011949539184570312, 0.927734375, 0.001415252685546875, 0.0007328987121582031], [0.0013484954833984375, 0.7724609375, 0.001537322998046875, 0.0009007453918457031], [0.006771087646484375, 0.0010862350463867188, 0.927734375, 0.002422332763671875], [0.96923828125, 0.0002129077911376953, 0.0003039836883544922, 0.0001055598258972168], [0.0006833076477050781, 0.0003113746643066406, 0.0010271072387695312, 0.89013671875], [0.951171875, 0.0008783340454101562, 0.0007653236389160156, 0.00060272216796875], [0.00836181640625, 0.007965087890625, 0.0040435791015625, 0.44140625], [0.00038814544677734375, 0.88525390625, 0.0003924369812011719, 0.00014257431030273438], [0.007404327392578125, 0.0037364959716796875, 0.1751708984375, 0.72802734375], [0.0002586841583251953, 0.00020647048950195312, 0.00046944618225097656, 0.94775390625], [0.0007939338684082031, 0.0003590583801269531, 0.001369476318359375, 0.9375], [0.0090484619140625, 0.00789642333984375, 0.02197265625, 0.85302734375], [0.92822265625, 0.002532958984375, 0.0015974044799804688, 0.0008854866027832031], [0.98583984375, 7.081031799316406e-05, 4.8041343688964844e-05, 2.9146671295166016e-05], [0.003589630126953125, 0.002521514892578125, 0.89501953125, 0.0066375732421875], [0.00019347667694091797, 7.033348083496094e-05, 9.21487808227539e-05, 0.947265625], [8.571147918701172e-05, 7.301568984985352e-05, 0.95849609375, 0.0002448558807373047], [0.0001850128173828125, 0.00055694580078125, 0.00046181678771972656, 