{"mean_correct": 1.0, "total_correct": 9, "is_correct": [1.0, 1.0, 1.0, 1.0, 1.0, 1.0, 1.0, 1.0, 1.0], "output_probs": [[0.0016088485717773438, 0.0196075439453125, 0.802734375, 0.0016069412231445312], [0.9306640625, 0.00139617919921875, 0.0015726089477539062, 0.0020751953125], [0.0009326934814453125, 0.0006098747253417969, 0.0011301040649414062, 0.97216796875], [0.00011718273162841797, 0.00019347667694091797, 0.96044921875, 0.00045871734619140625], [0.00213623046875, 0.958984375, 0.0079803466796875, 0.0026092529296875], [0.0013179779052734375, 0.0035572052001953125, 0.8564453125, 0.0017843246459960938], [0.859375, 0.0026607513427734375, 0.0042572021484375, 0.0023555755615234375], [0.91748046875, 0.0009336471557617188, 0.0015115737915039062, 0.0007524490356445312], [0.9248046875, 0.00405120849609375, 0.004810333251953125, 0.004375457763671875]], "actual_answers": [2, 0, 3, 2, 1, 2, 0, 0, 0], "predicted_answers": [2, 0, 3, 2, 1, 2, 0, 0, 0], "predicted_probs": [0.802734375, 0.9306640625, 0.97216796875, 0.96044921875, 0.958984375, 0.8564453125, 0.859375, 0.91748046875, 0.9248046875], "predicted_probs_of_correct_answers": [0.802734375, 0.9306640625, 0.97216796875, 0.96044921875, 0.958984375, 0.8564453125, 0.859375, 0.91748046875, 0.9248046875], "mean_predicted_prob_of_correct_answers": 0.9091796875, "mean_predicted_probs": 0.9091796875, "value_counts": {"0": 4, "1": 1, "2": 3, "3": 1}, "sum_abcd": [0.82568359375, 0.935546875, 0.974609375, 0.96142578125, 0.9716796875, 0.86328125, 0.86865234375, 0.9208984375, 0.93798828125]}