{"custom_eval_results": {"layer_19/width_16k/average_l0_137": {"llm_test_accuracy": 0.966, "llm_top_1_test_accuracy": 0.6734, "llm_top_2_test_accuracy": 0.7202, "llm_top_5_test_accuracy": 0.8008, "llm_top_10_test_accuracy": 0.866, "llm_top_20_test_accuracy": 0.9186, "llm_top_50_test_accuracy": 0.9512, "llm_top_100_test_accuracy": 0.958, "sae_test_accuracy": 0.9690000414848328, "sae_top_1_test_accuracy": 0.8122, "sae_top_2_test_accuracy": 0.901, "sae_top_5_test_accuracy": 0.9022, "sae_top_10_test_accuracy": 0.9384, "sae_top_20_test_accuracy": 0.9532, "sae_top_50_test_accuracy": 0.9667999999999999, "sae_top_100_test_accuracy": 0.9650000000000001}, "layer_19/width_16k/average_l0_23": {"llm_test_accuracy": 0.966, "llm_top_1_test_accuracy": 0.6734, "llm_top_2_test_accuracy": 0.7202, "llm_top_5_test_accuracy": 0.8008, "llm_top_10_test_accuracy": 0.866, "llm_top_20_test_accuracy": 0.9186, "llm_top_50_test_accuracy": 0.9512, "llm_top_100_test_accuracy": 0.958, "sae_test_accuracy": 0.9666000485420227, "sae_top_1_test_accuracy": 0.8718, "sae_top_2_test_accuracy": 0.89, "sae_top_5_test_accuracy": 0.9074, "sae_top_10_test_accuracy": 0.945, "sae_top_20_test_accuracy": 0.9581999999999999, "sae_top_50_test_accuracy": 0.9603999999999999, "sae_top_100_test_accuracy": 0.9643999999999998}, "layer_19/width_16k/average_l0_279": {"llm_test_accuracy": 0.966, "llm_top_1_test_accuracy": 0.6734, "llm_top_2_test_accuracy": 0.7202, "llm_top_5_test_accuracy": 0.8008, "llm_top_10_test_accuracy": 0.866, "llm_top_20_test_accuracy": 0.9186, "llm_top_50_test_accuracy": 0.9512, "llm_top_100_test_accuracy": 0.958, "sae_test_accuracy": 0.9666000485420227, "sae_top_1_test_accuracy": 0.8032, "sae_top_2_test_accuracy": 0.8624, "sae_top_5_test_accuracy": 0.9086000000000001, "sae_top_10_test_accuracy": 0.9321999999999999, "sae_top_20_test_accuracy": 0.9518000000000001, "sae_top_50_test_accuracy": 0.9644, "sae_top_100_test_accuracy": 0.9629999999999999}, "layer_19/width_16k/average_l0_40": {"llm_test_accuracy": 0.966, "llm_top_1_test_accuracy": 0.6734, "llm_top_2_test_accuracy": 0.7202, "llm_top_5_test_accuracy": 0.8008, "llm_top_10_test_accuracy": 0.866, "llm_top_20_test_accuracy": 0.9186, "llm_top_50_test_accuracy": 0.9512, "llm_top_100_test_accuracy": 0.958, "sae_test_accuracy": 0.9652000427246094, "sae_top_1_test_accuracy": 0.883, "sae_top_2_test_accuracy": 0.8960000000000001, "sae_top_5_test_accuracy": 0.9117999999999998, "sae_top_10_test_accuracy": 0.9381999999999999, "sae_top_20_test_accuracy": 0.958, "sae_top_50_test_accuracy": 0.9667999999999999, "sae_top_100_test_accuracy": 0.9664000000000001}, "layer_19/width_16k/average_l0_73": {"llm_test_accuracy": 0.966, "llm_top_1_test_accuracy": 0.6734, "llm_top_2_test_accuracy": 0.7202, "llm_top_5_test_accuracy": 0.8008, "llm_top_10_test_accuracy": 0.866, "llm_top_20_test_accuracy": 0.9186, "llm_top_50_test_accuracy": 0.9512, "llm_top_100_test_accuracy": 0.958, "sae_test_accuracy": 0.9674000382423401, "sae_top_1_test_accuracy": 0.8862, "sae_top_2_test_accuracy": 0.8992000000000001, "sae_top_5_test_accuracy": 0.9066000000000001, "sae_top_10_test_accuracy": 0.9372, "sae_top_20_test_accuracy": 0.9578, "sae_top_50_test_accuracy": 0.9665999999999999, "sae_top_100_test_accuracy": 0.9612}, "gemma-2-2b_sweep_topk_ctx128_ef8_0824/resid_post_layer_19/trainer_5": {"llm_test_accuracy": 0.966, "llm_top_1_test_accuracy": 0.6734, "llm_top_2_test_accuracy": 0.7202, "llm_top_5_test_accuracy": 0.8008, "llm_top_10_test_accuracy": 0.866, "llm_top_20_test_accuracy": 0.9186, "llm_top_50_test_accuracy": 0.9512, "llm_top_100_test_accuracy": 0.958, "sae_test_accuracy": 0.9664000511169434, "sae_top_1_test_accuracy": 0.8874000000000001, "sae_top_2_test_accuracy": 0.9213999999999999, "sae_top_5_test_accuracy": 0.9335999999999999, "sae_top_10_test_accuracy": 0.943, "sae_top_20_test_accuracy": 0.9578, "sae_top_50_test_accuracy": 0.958, "sae_top_100_test_accuracy": 0.9644}, "gemma-2-2b_sweep_topk_ctx128_ef8_0824/resid_post_layer_19/trainer_4": {"llm_test_accuracy": 0.966, "llm_top_1_test_accuracy": 0.6734, "llm_top_2_test_accuracy": 0.7202, "llm_top_5_test_accuracy": 0.8008, "llm_top_10_test_accuracy": 0.866, "llm_top_20_test_accuracy": 0.9186, "llm_top_50_test_accuracy": 0.9512, "llm_top_100_test_accuracy": 0.958, "sae_test_accuracy": 0.9716000437736512, "sae_top_1_test_accuracy": 0.8248000000000001, "sae_top_2_test_accuracy": 0.9019999999999999, "sae_top_5_test_accuracy": 0.9136000000000001, "sae_top_10_test_accuracy": 0.9328, "sae_top_20_test_accuracy": 0.9469999999999998, "sae_top_50_test_accuracy": 0.9640000000000001, "sae_top_100_test_accuracy": 0.9648}, "gemma-2-2b_sweep_topk_ctx128_ef8_0824/resid_post_layer_19/trainer_3": {"llm_test_accuracy": 0.966, "llm_top_1_test_accuracy": 0.6734, "llm_top_2_test_accuracy": 0.7202, "llm_top_5_test_accuracy": 0.8008, "llm_top_10_test_accuracy": 0.866, "llm_top_20_test_accuracy": 0.9186, "llm_top_50_test_accuracy": 0.9512, "llm_top_100_test_accuracy": 0.958, "sae_test_accuracy": 0.9680000424385071, "sae_top_1_test_accuracy": 0.8102, "sae_top_2_test_accuracy": 0.8666, "sae_top_5_test_accuracy": 0.9065999999999999, "sae_top_10_test_accuracy": 0.9342, "sae_top_20_test_accuracy": 0.9516, "sae_top_50_test_accuracy": 0.9640000000000001, "sae_top_100_test_accuracy": 0.9629999999999999}, "gemma-2-2b_sweep_topk_ctx128_ef8_0824/resid_post_layer_19/trainer_2": {"llm_test_accuracy": 0.966, "llm_top_1_test_accuracy": 0.6734, "llm_top_2_test_accuracy": 0.7202, "llm_top_5_test_accuracy": 0.8008, "llm_top_10_test_accuracy": 0.866, "llm_top_20_test_accuracy": 0.9186, "llm_top_50_test_accuracy": 0.9512, "llm_top_100_test_accuracy": 0.958, "sae_test_accuracy": 0.9670000553131104, "sae_top_1_test_accuracy": 0.8408, "sae_top_2_test_accuracy": 0.8635999999999999, "sae_top_5_test_accuracy": 0.908, "sae_top_10_test_accuracy": 0.9301999999999999, "sae_top_20_test_accuracy": 0.9507999999999999, "sae_top_50_test_accuracy": 0.9662000000000001, "sae_top_100_test_accuracy": 0.962}, "gemma-2-2b_sweep_topk_ctx128_ef8_0824/resid_post_layer_19/trainer_1": {"llm_test_accuracy": 0.966, "llm_top_1_test_accuracy": 0.6734, "llm_top_2_test_accuracy": 0.7202, "llm_top_5_test_accuracy": 0.8008, "llm_top_10_test_accuracy": 0.866, "llm_top_20_test_accuracy": 0.9186, "llm_top_50_test_accuracy": 0.9512, "llm_top_100_test_accuracy": 0.958, "sae_test_accuracy": 0.9624000430107117, "sae_top_1_test_accuracy": 0.9004, "sae_top_2_test_accuracy": 0.9018, "sae_top_5_test_accuracy": 0.909, "sae_top_10_test_accuracy": 0.937, "sae_top_20_test_accuracy": 0.9530000000000001, "sae_top_50_test_accuracy": 0.9634, "sae_top_100_test_accuracy": 0.9642}, "gemma-2-2b_sweep_topk_ctx128_ef8_0824/resid_post_layer_19/trainer_0": {"llm_test_accuracy": 0.966, "llm_top_1_test_accuracy": 0.6734, "llm_top_2_test_accuracy": 0.7202, "llm_top_5_test_accuracy": 0.8008, "llm_top_10_test_accuracy": 0.866, "llm_top_20_test_accuracy": 0.9186, "llm_top_50_test_accuracy": 0.9512, "llm_top_100_test_accuracy": 0.958, "sae_test_accuracy": 0.9622000575065612, "sae_top_1_test_accuracy": 0.8892000000000001, "sae_top_2_test_accuracy": 0.8916000000000001, "sae_top_5_test_accuracy": 0.9129999999999999, "sae_top_10_test_accuracy": 0.9442, "sae_top_20_test_accuracy": 0.9516, "sae_top_50_test_accuracy": 0.9602, "sae_top_100_test_accuracy": 0.9581999999999999}, "gemma-2-2b_sweep_standard_ctx128_ef8_0824/resid_post_layer_19/trainer_2": {"llm_test_accuracy": 0.966, "llm_top_1_test_accuracy": 0.6734, "llm_top_2_test_accuracy": 0.7202, "llm_top_5_test_accuracy": 0.8008, "llm_top_10_test_accuracy": 0.866, "llm_top_20_test_accuracy": 0.9186, "llm_top_50_test_accuracy": 0.9512, "llm_top_100_test_accuracy": 0.958, "sae_test_accuracy": 0.9664000391960144, "sae_top_1_test_accuracy": 0.8922000000000001, "sae_top_2_test_accuracy": 0.8926000000000001, "sae_top_5_test_accuracy": 0.9278000000000001, "sae_top_10_test_accuracy": 0.9490000000000001, "sae_top_20_test_accuracy": 0.9576, "sae_top_50_test_accuracy": 0.9629999999999999,