{"mean_correct": 1.0, "total_correct": 157, "is_correct": [1.0, 1.0, 1.0, 1.0, 1.0, 1.0, 1.0, 1.0, 1.0, 1.0, 1.0, 1.0, 1.0, 1.0, 1.0, 1.0, 1.0, 1.0, 1.0, 1.0, 1.0, 1.0, 1.0, 1.0, 1.0, 1.0, 1.0, 1.0, 1.0, 1.0, 1.0, 1.0, 1.0, 1.0, 1.0, 1.0, 1.0, 1.0, 1.0, 1.0, 1.0, 1.0, 1.0, 1.0, 1.0, 1.0, 1.0, 1.0, 1.0, 1.0, 1.0, 1.0, 1.0, 1.0, 1.0, 1.0, 1.0, 1.0, 1.0, 1.0, 1.0, 1.0, 1.0, 1.0, 1.0, 1.0, 1.0, 1.0, 1.0, 1.0, 1.0, 1.0, 1.0, 1.0, 1.0, 1.0, 1.0, 1.0, 1.0, 1.0, 1.0, 1.0, 1.0, 1.0, 1.0, 1.0, 1.0, 1.0, 1.0, 1.0, 1.0, 1.0, 1.0, 1.0, 1.0, 1.0, 1.0, 1.0, 1.0, 1.0, 1.0, 1.0, 1.0, 1.0, 1.0, 1.0, 1.0, 1.0, 1.0, 1.0, 1.0, 1.0, 1.0, 1.0, 1.0, 1.0, 1.0, 1.0, 1.0, 1.0, 1.0, 1.0, 1.0, 1.0, 1.0, 1.0, 1.0, 1.0, 1.0, 1.0, 1.0, 1.0, 1.0, 1.0, 1.0, 1.0, 1.0, 1.0, 1.0, 1.0, 1.0, 1.0, 1.0, 1.0, 1.0, 1.0, 1.0, 1.0, 1.0, 1.0, 1.0, 1.0, 1.0, 1.0, 1.0, 1.0, 1.0], "output_probs": [[8.296966552734375e-05, 0.0003070831298828125, 0.0001544952392578125, 0.9765625], [0.97265625, 5.316734313964844e-05, 3.6716461181640625e-05, 1.621246337890625e-05], [0.00016307830810546875, 0.0005035400390625, 0.000286102294921875, 0.96875], [0.0028533935546875, 0.6171875, 0.00323486328125, 0.12158203125], [0.0004634857177734375, 0.94921875, 0.00021839141845703125, 0.000408172607421875], [0.9375, 0.00040435791015625, 0.0001087188720703125, 0.0001392364501953125], [0.984375, 0.0001659393310546875, 4.1961669921875e-05, 3.933906555175781e-05], [0.0002498626708984375, 0.00112152099609375, 0.000926971435546875, 0.95703125], [0.007080078125, 0.87109375, 0.00122833251953125, 0.0006561279296875], [8.058547973632812e-05, 0.00020599365234375, 0.953125, 0.00017070770263671875], [0.92578125, 0.007080078125, 0.0040283203125, 0.0037841796875], [0.9609375, 0.001739501953125, 0.00127410888671875, 0.00238037109375], [3.039836883544922e-05, 4.696846008300781e-05, 0.97265625, 0.0001544952392578125], [0.000308990478515625, 0.91796875, 0.0002727508544921875, 0.0002899169921875], [0.00014781951904296875, 0.000701904296875, 0.9296875, 0.000453948974609375], [6.151199340820312e-05, 0.0002155303955078125, 0.000202178955078125, 0.9921875], [0.000141143798828125, 0.0003376007080078125, 0.00043487548828125, 0.9453125], [0.00384521484375, 0.0021820068359375, 0.94140625, 0.0021820068359375], [0.0004596710205078125, 0.8828125, 0.00021648406982421875, 0.000553131103515625], [0.0015411376953125, 0.90625, 0.0001430511474609375, 0.0004425048828125], [0.00167083740234375, 0.0024261474609375, 0.0024261474609375, 0.91796875], [5.650520324707031e-05, 5.650520324707031e-05, 0.96875, 0.000347137451171875], [0.0002231597900390625, 0.0003910064697265625, 8.726119995117188e-05, 0.96484375], [0.000133514404296875, 0.000560760498046875, 0.000125885009765625, 0.95703125], [0.0003681182861328125, 0.0004730224609375, 0.96875, 0.0027313232421875], [0.98046875, 0.000240325927734375, 9.393692016601562e-05, 4.7206878662109375e-05], [0.98046875, 8.296966552734375e-05, 0.0001068115234375, 0.00032806396484375], [0.953125, 0.0028533935546875, 0.0011138916015625, 0.001190185546875], [0.921875, 0.0002574920654296875, 0.00018787384033203125, 0.00012111663818359375], [0.95703125, 0.000133514404296875, 4.076957702636719e-05, 0.00016117095947265625], [0.00079345703125, 0.92578125, 0.000579833984375, 0.0003757476806640625], [8.916854858398438e-05, 0.00016689300537109375, 0.0001468658447265625, 0.98828125], [0.03369140625, 0.0040283203125, 0.0203857421875, 0.8671875], [0.01123046875, 0.328125, 0.00469970703125, 0.01275634765625], [3.266334533691406e-05, 6.914138793945312e-05, 0.98046875, 0.00017642974853515625], [0.00017833709716796875, 0.0002593994140625, 0.000202178955078125, 0.93359375], [0.95703125, 5.936622619628906e-05, 2.9921531677246094e-05, 2.47955322265625e-05], [0.000347137451171875, 0.0002384185791015625, 0.97265625, 0.00128936767578125], [0.0001220703125, 0.000274658203125, 0.00014781951904296875, 0.9921875], [0.9453125, 0.0008087158203125, 0.000263214111328125, 0.0002040863037109375], [0.00017452239990234375, 0.00030517578125, 0.0003681182861328125, 0.96875], [0.94140625, 6.628036499023438e-05, 2.9325485229492188e-05, 2.753734588623047e-05], [0.00032806396484375, 0.000507354736328125, 0.00023937225341796875, 0.9765625], [0.00010585784912109375, 0.0004749298095703125, 0.97265625, 0.00057220458984375], [0.8984375, 0.010009765625, 0.0087890625, 0.006866455078125], [0.95703125, 0.000133514404296875, 6.723403930664062e-05, 7.152557373046875e-05], [0.0004749298095703125, 0.00121307373046875, 0.97265625, 0.004241943359375], [0.0016326904296875, 0.003448486328125, 0.95703125, 0.0050048828125], [0.96484375, 0.000728607177734375, 0.0015411376953125, 0.000728607177734375], [2.300739288330078e-05, 6.246566772460938e-05, 0.9453125, 0.000102996826171875], [0.0002765655517578125, 0.93359375, 3.504753112792969e-05, 2.9087066650390625e-05], [0.98828125, 4.482269287109375e-05, 1.3649463653564453e-05, 7.808208465576172e-06], [0.002532958984375, 0.796875, 0.001739501953125, 0.00238037109375], [0.0004177093505859375, 0.0002231597900390625, 0.96875, 0.0005340576171875], [0.00011157989501953125, 0.00025177001953125, 0.000152587890625, 0.9609375], [7.104873657226562e-05, 0.00017070770263671875, 0.953125, 0.00012493133544921875], [0.00021457672119140625, 0.000583648681640625, 0.9296875, 0.000514984130859375], [0.00012969970703125, 0.000293731689453125, 0.9296875, 0.0001773834228515625], [0.96875, 0.000209808349609375, 5.316734313964844e-05, 4.982948303222656e-05], [9.870529174804688e-05, 0.0003662109375, 0.96484375, 0.001129150390625], [0.9609375, 0.000152587890625, 4.100799560546875e-05, 4.100799560546875e-05], [0.0018768310546875, 0.91015625, 0.0001125335693359375, 0.00018596649169921875], [0.01055908203125, 0.01055908203125, 0.0009765625, 0.890625], [0.0002079010009765625, 0.0004405975341796875, 0.0005645751953125, 0.95703125], [0.0002765655517578125, 0.93359375, 0.00010156631469726562, 0.00011539459228515625], [0.00010585784912109375, 0.9140625, 5.0067901611328125e-05, 4.696846008300781e-05], [0.00011491775512695312, 0.00021457672119140625, 7.915496826171875e-05, 0.9921875], [0.000152587890625, 0.0001621246337890625, 0.00011157989501953125, 0.9609375], [0.0004119873046875, 0.0003414154052734375, 0.95703125, 0.000820159912109375], [0.00010776519775390625, 0.0001888275146484375, 0.9296875, 0.000659942626953125], [0.001312255859375, 0.9296875, 0.000293731689453125, 0.000705718994140625], [0.9609375, 9.250640869140625e-05, 3.8623809814453125e-05, 2.3365020751953125e-05], [6.4849853515625e-05, 0.00018787384033203125, 0.92578125, 0.0001373291015625], [0.0002498626708984375, 0.84375, 0.000133514404296875, 0.00015163421630859375], [5.3882598876953125e-05, 0.00024127960205078125, 0.92578125, 0.00011396408081054688], [0.00069427490234375, 0.00156402587890625, 0.000537872314453125, 0.9765625], [3.266334533691406e-05, 9.441375732421875e-05, 0.92578125, 0.00012159347534179688], [0.00185394287109375, 0.004730224609375, 0.0015411376953125, 0.9609375], [0.00014400482177734375, 0.000324249267578125, 0.96484375, 0.000415802001953125], [0.9765625, 0.000652313232421875, 0.0002117156982421875, 0.0003070831298828125], [0.0002288818359375, 0.93359375, 4.792213439941406e-05, 1.8835067749023438e-05], [5.030632019042969e-05, 0.00010633468627929688, 0.9765625, 0.000225067138671875], [0.000576019287109375, 0.00177764892578125, 0.91796875, 0.0216064453125], [0.00019550323486328125, 0.000469207763671875, 0.0002079010009765625, 0.9609375], [0.9296875, 0.000331878662109375, 0.00015735626220703125, 0.00016689300537109375], [0.00020503997802734375, 0.000408172607421875, 0.000232696533203125, 0.9453125], [0.9765625, 0.00019931793212890625, 6.079673767089844e-05, 6.079673767089844e-05], [6.29425048828125e-05, 0.95703125, 3.600120544433594e-05, 2.8014183044433594e-05], [0.00020694732666015625, 0.0003414154052734375, 0.953125, 0.000926971435546875], [8.58306884765625e-05, 0.890625, 4.887580871582031e-05, 5.1975250244140625e-05], [0.00012683868408203125, 0.0003452301025390625, 0.96875, 0.00011205673217773438], 