{"mean_correct": 1.0, "total_correct": 125, "is_correct": [1.0, 1.0, 1.0, 1.0, 1.0, 1.0, 1.0, 1.0, 1.0, 1.0, 1.0, 1.0, 1.0, 1.0, 1.0, 1.0, 1.0, 1.0, 1.0, 1.0, 1.0, 1.0, 1.0, 1.0, 1.0, 1.0, 1.0, 1.0, 1.0, 1.0, 1.0, 1.0, 1.0, 1.0, 1.0, 1.0, 1.0, 1.0, 1.0, 1.0, 1.0, 1.0, 1.0, 1.0, 1.0, 1.0, 1.0, 1.0, 1.0, 1.0, 1.0, 1.0, 1.0, 1.0, 1.0, 1.0, 1.0, 1.0, 1.0, 1.0, 1.0, 1.0, 1.0, 1.0, 1.0, 1.0, 1.0, 1.0, 1.0, 1.0, 1.0, 1.0, 1.0, 1.0, 1.0, 1.0, 1.0, 1.0, 1.0, 1.0, 1.0, 1.0, 1.0, 1.0, 1.0, 1.0, 1.0, 1.0, 1.0, 1.0, 1.0, 1.0, 1.0, 1.0, 1.0, 1.0, 1.0, 1.0, 1.0, 1.0, 1.0, 1.0, 1.0, 1.0, 1.0, 1.0, 1.0, 1.0, 1.0, 1.0, 1.0, 1.0, 1.0, 1.0, 1.0, 1.0, 1.0, 1.0, 1.0, 1.0, 1.0, 1.0, 1.0, 1.0, 1.0], "output_probs": [[0.9609375, 8.678436279296875e-05, 4.363059997558594e-05, 2.8133392333984375e-05], [0.5234375, 0.0074462890625, 0.0022735595703125, 0.31640625], [0.0009002685546875, 0.87109375, 0.0002574920654296875, 0.0004520416259765625], [0.00051116943359375, 0.0015716552734375, 0.00089263916015625, 0.98046875], [0.000213623046875, 0.00084686279296875, 0.000583648681640625, 0.98828125], [0.70703125, 0.006927490234375, 0.00174713134765625, 0.2294921875], [7.104873657226562e-05, 9.72747802734375e-05, 0.953125, 0.000133514404296875], [0.8828125, 0.00982666015625, 0.0020599365234375, 0.0111083984375], [0.00018978118896484375, 0.87890625, 0.000377655029296875, 0.000583648681640625], [0.96875, 0.00421142578125, 0.0004444122314453125, 0.00023746490478515625], [0.00164031982421875, 0.90625, 0.00174713134765625, 0.0047607421875], [0.001190185546875, 0.84375, 0.0004673004150390625, 0.0010528564453125], [0.875, 0.00970458984375, 0.030029296875, 0.01416015625], [0.984375, 7.867813110351562e-05, 1.8596649169921875e-05, 1.4543533325195312e-05], [0.000247955322265625, 0.9453125, 0.000102996826171875, 9.107589721679688e-05], [0.0003223419189453125, 0.00119781494140625, 0.9609375, 0.000934600830078125], [0.00025177001953125, 0.91015625, 0.0002231597900390625, 0.0004444122314453125], [0.98046875, 2.7060508728027344e-05, 9.953975677490234e-06, 6.794929504394531e-06], [0.9765625, 0.000476837158203125, 0.00016498565673828125, 0.00013637542724609375], [2.5272369384765625e-05, 0.0001068115234375, 5.364418029785156e-05, 0.98046875], [0.8515625, 0.01214599609375, 0.0023956298828125, 0.00060272216796875], [0.984375, 0.00015544891357421875, 2.5391578674316406e-05, 1.7523765563964844e-05], [0.00194549560546875, 0.8359375, 7.104873657226562e-05, 7.104873657226562e-05], [0.90625, 0.003265380859375, 0.003265380859375, 0.005401611328125], [0.000499725341796875, 0.90625, 0.0003662109375, 0.0002689361572265625], [0.000823974609375, 0.90234375, 0.00038909912109375, 0.0003662109375], [0.00174713134765625, 0.0027008056640625, 0.96484375, 0.0028839111328125], [0.00506591796875, 0.8515625, 0.0005340576171875, 0.0001964569091796875], [0.0001220703125, 0.000331878662109375, 0.0004253387451171875, 0.98828125], [3.886222839355469e-05, 0.00011968612670898438, 0.96875, 3.886222839355469e-05], [0.00177764892578125, 0.00177764892578125, 0.00107574462890625, 0.9765625], [0.00164794921875, 0.003082275390625, 0.91015625, 0.00787353515625], [0.0003032684326171875, 0.00286865234375, 0.010009765625, 0.90234375], [0.00141143798828125, 0.0021820068359375, 0.94140625, 0.0010986328125], [0.0003910064697265625, 0.91015625, 7.2479248046875e-05, 0.00011920928955078125], [0.000469207763671875, 0.00060272216796875, 0.00112152099609375, 0.9609375], [0.0002002716064453125, 0.81640625, 7.390975952148438e-05, 0.00011444091796875], [0.000232696533203125, 0.000492095947265625, 0.94921875, 0.0026702880859375], [0.00014400482177734375, 0.0003452301025390625, 0.91015625, 0.00012683868408203125], [0.00035858154296875, 0.94140625, 0.00014972686767578125, 0.0001316070556640625], [0.8828125, 0.006744384765625, 0.00124359130859375, 0.00384521484375], [0.01177978515625, 0.01513671875, 0.0091552734375, 0.82421875], [2.181529998779297e-05, 4.9114227294921875e-05, 0.95703125, 9.202957153320312e-05], [0.9765625, 0.00012063980102539062, 1.8477439880371094e-05, 1.1920928955078125e-05], [0.9296875, 0.0015869140625, 0.0026092529296875, 0.00179290771484375], [0.9765625, 0.0003070831298828125, 0.00010633468627929688, 0.00013637542724609375], [0.0028533935546875, 0.84375, 0.0012664794921875, 0.00604248046875], [0.005126953125, 0.91796875, 0.005126953125, 0.0029144287109375], [0.000499725341796875, 0.8515625, 8.678436279296875e-05, 7.677078247070312e-05], [0.98046875, 0.00037384033203125, 3.4809112548828125e-05, 3.933906555175781e-05], [0.98046875, 0.0001068115234375, 1.8477439880371094e-05, 1.7404556274414062e-05], [0.000518798828125, 0.94140625, 0.00010251998901367188, 6.198883056640625e-05], [0.00054168701171875, 0.91796875, 0.00013637542724609375, 0.00019931793212890625], [0.89453125, 0.003662109375, 0.00183868408203125, 0.0012664794921875], [0.00531005859375, 0.94921875, 0.000263214111328125, 0.00151824951171875], [0.00579833984375, 0.9140625, 0.001373291015625, 0.00156402587890625], [0.000560760498046875, 0.7890625, 0.0003204345703125, 6.29425048828125e-05], [0.00011157989501953125, 0.000823974609375, 0.90234375, 0.00025177001953125], [0.86328125, 0.0230712890625, 0.0004215240478515625, 9.393692016601562e-05], [0.000240325927734375, 0.0004787445068359375, 0.0002117156982421875, 0.921875], [0.9765625, 9.393692016601562e-05, 1.1205673217773438e-05, 9.298324584960938e-06], [0.0004425048828125, 0.00186920166015625, 0.96484375, 0.0003910064697265625], [0.0004253387451171875, 0.92578125, 0.0002422332763671875, 8.392333984375e-05], [0.0021209716796875, 0.8046875, 0.005096435546875, 0.002899169921875], [8.296966552734375e-05, 0.921875, 7.343292236328125e-05, 0.00011348724365234375], [0.01409912109375, 0.00457763671875, 0.875, 0.00518798828125], [0.9296875, 0.019287109375, 0.00518798828125, 0.000545501708984375], [5.9604644775390625e-05, 9.822845458984375e-05, 0.9609375, 0.0004138946533203125], [0.0006256103515625, 0.93359375, 0.0001392364501953125, 0.0003337860107421875], [0.00089263916015625, 0.91796875, 0.0003719329833984375, 0.0002899169921875], [0.96875, 0.0023956298828125, 0.0001850128173828125, 0.00030517578125], [3.9577484130859375e-05, 0.000156402587890625, 0.00020122528076171875, 0.98828125], [0.0003032684326171875, 0.9609375, 0.000152587890625, 0.0001621246337890625], [9.107589721679688e-05, 0.00011682510375976562, 0.9453125, 0.00067138671875], [0.96484375, 0.0003452301025390625, 5.626678466796875e-05, 4.38690185546875e-05], [0.00101470947265625, 0.86328125, 0.000652313232421875, 0.00032806396484375], [0.00170135498046875, 0.8828125, 0.0013275146484375, 0.0020599365234375], [0.98828125, 5.078315734863281e-05, 1.3649463653564453e-05, 1.2040138244628906e-05], [6.723403930664062e-05, 0.953125, 2.467632293701172e-05, 1.919269561767578e-05], [0.006195068359375, 0.86328125, 0.000507354736328125, 0.000308990478515625], [0.9765625, 0.0003490447998046875, 0.0001983642578125, 7.295608520507812e-05], [0.98046875, 0.0004482269287109375, 0.00012063980102539062, 8.821487426757812e-05], [0.0023193359375, 0.9375, 0.00022983551025390625, 0.0004291534423828125], [0.0009918212890625, 0.90234375, 0.000728607177734375, 0.00060272216796875], [0.9609375, 0.000469207763671875, 0.00025177001953125, 0.00023651123046875], [0.90625, 0.0146484375, 0.00506591796875, 0.01007080078125], [0.0228271484375, 0.7578125, 0.01080322265625, 0.01385498046875], [0.00014591217041015625, 0.000255584716796875, 0.98046875, 0.000652313232421875], [4.0531158447265625e-05, 0.94921875, 3.147125244140625e-05, 1.233816146850586e-05], [0.98046875, 0.00107574462890625, 0.000949859619140625, 0.0004787445068359375], [6.198883056640625e-05, 0.00021648406982421875, 0.94140625, 0.0002956390380859375], [0.984375, 0.00012159347534179688, 8.344650268554688e-05, 4.76837158203125e-05], [0.0002269744873046875, 0.0010833740234375, 0.984375, 0.00051116943359375], [0.984375, 0.00115203857421875, 0.0004253387451171875, 0.00037384033203125], [0.000247955322265625, 0.890625, 0.00011682510375976562, 7.534027099609375e-05],