{"mean_correct": 1.0, "total_correct": 156, "is_correct": [1.0, 1.0, 1.0, 1.0, 1.0, 1.0, 1.0, 1.0, 1.0, 1.0, 1.0, 1.0, 1.0, 1.0, 1.0, 1.0, 1.0, 1.0, 1.0, 1.0, 1.0, 1.0, 1.0, 1.0, 1.0, 1.0, 1.0, 1.0, 1.0, 1.0, 1.0, 1.0, 1.0, 1.0, 1.0, 1.0, 1.0, 1.0, 1.0, 1.0, 1.0, 1.0, 1.0, 1.0, 1.0, 1.0, 1.0, 1.0, 1.0, 1.0, 1.0, 1.0, 1.0, 1.0, 1.0, 1.0, 1.0, 1.0, 1.0, 1.0, 1.0, 1.0, 1.0, 1.0, 1.0, 1.0, 1.0, 1.0, 1.0, 1.0, 1.0, 1.0, 1.0, 1.0, 1.0, 1.0, 1.0, 1.0, 1.0, 1.0, 1.0, 1.0, 1.0, 1.0, 1.0, 1.0, 1.0, 1.0, 1.0, 1.0, 1.0, 1.0, 1.0, 1.0, 1.0, 1.0, 1.0, 1.0, 1.0, 1.0, 1.0, 1.0, 1.0, 1.0, 1.0, 1.0, 1.0, 1.0, 1.0, 1.0, 1.0, 1.0, 1.0, 1.0, 1.0, 1.0, 1.0, 1.0, 1.0, 1.0, 1.0, 1.0, 1.0, 1.0, 1.0, 1.0, 1.0, 1.0, 1.0, 1.0, 1.0, 1.0, 1.0, 1.0, 1.0, 1.0, 1.0, 1.0, 1.0, 1.0, 1.0, 1.0, 1.0, 1.0, 1.0, 1.0, 1.0, 1.0, 1.0, 1.0, 1.0, 1.0, 1.0, 1.0, 1.0, 1.0], "output_probs": [[0.0020751953125, 0.8359375, 0.00118255615234375, 0.0022125244140625], [1.9550323486328125e-05, 0.00014495849609375, 0.0001125335693359375, 0.97265625], [2.491474151611328e-05, 8.678436279296875e-05, 0.9609375, 4.935264587402344e-05], [0.0001010894775390625, 0.00020122528076171875, 0.0001888275146484375, 0.9921875], [0.029541015625, 0.037841796875, 0.00958251953125, 0.86328125], [5.7697296142578125e-05, 0.0002288818359375, 0.9296875, 0.000705718994140625], [0.9765625, 0.0001983642578125, 0.0001544952392578125, 5.6743621826171875e-05], [0.0001621246337890625, 0.000438690185546875, 0.0003414154052734375, 0.95703125], [0.0003643035888671875, 0.8984375, 0.0003643035888671875, 0.000820159912109375], [4.696846008300781e-05, 0.0002384185791015625, 0.00013637542724609375, 0.97265625], [0.005645751953125, 0.83984375, 0.0068359375, 0.0023651123046875], [0.0003108978271484375, 0.0003986358642578125, 0.0002002716064453125, 0.984375], [8.296966552734375e-05, 0.000240325927734375, 0.00012063980102539062, 0.98046875], [0.0003452301025390625, 0.001129150390625, 0.000728607177734375, 0.96484375], [0.0004634857177734375, 0.890625, 0.0001926422119140625, 0.0004634857177734375], [3.170967102050781e-05, 8.058547973632812e-05, 0.953125, 5.221366882324219e-05], [3.123283386230469e-05, 0.0001392364501953125, 0.9375, 0.00010204315185546875], [8.106231689453125e-05, 0.00020694732666015625, 0.00049591064453125, 0.89453125], [0.000774383544921875, 0.0023956298828125, 0.001861572265625, 0.90625], [0.0029449462890625, 0.00457763671875, 0.0140380859375, 0.87109375], [0.00010633468627929688, 0.91796875, 6.0558319091796875e-05, 5.030632019042969e-05], [0.98046875, 0.0002727508544921875, 5.054473876953125e-05, 3.933906555175781e-05], [0.01318359375, 0.92578125, 0.00115203857421875, 0.0027618408203125], [0.00022029876708984375, 0.00112152099609375, 0.95703125, 0.00072479248046875], [0.9453125, 7.104873657226562e-05, 1.5854835510253906e-05, 2.956390380859375e-05], [0.9375, 0.000148773193359375, 5.817413330078125e-05, 7.009506225585938e-05], [8.249282836914062e-05, 0.0001983642578125, 0.00057220458984375, 0.9765625], [0.0004730224609375, 0.8046875, 0.000644683837890625, 0.00225830078125], [2.110004425048828e-05, 0.00015544891357421875, 0.921875, 0.00012111663818359375], [0.005126953125, 0.0123291015625, 0.0042724609375, 0.86328125], [0.00013828277587890625, 0.000514984130859375, 0.000274658203125, 0.98828125], [0.96484375, 9.870529174804688e-05, 3.409385681152344e-05, 2.491474151611328e-05], [0.00048065185546875, 0.92578125, 0.0003299713134765625, 0.0003757476806640625], [5.245208740234375e-05, 0.000301361083984375, 0.000133514404296875, 0.95703125], [0.98046875, 0.00012111663818359375, 2.872943878173828e-05, 1.4424324035644531e-05], [0.0001659393310546875, 0.00051116943359375, 0.0006561279296875, 0.984375], [0.138671875, 0.796875, 0.006072998046875, 0.006072998046875], [0.00012683868408203125, 0.000568389892578125, 0.0002689361572265625, 0.96875], [0.94140625, 8.487701416015625e-05, 1.895427703857422e-05, 1.2993812561035156e-05], [7.390975952148438e-05, 0.0003986358642578125, 0.0003528594970703125, 0.98828125], [0.000293731689453125, 0.000965118408203125, 0.000621795654296875, 0.93359375], [0.9296875, 0.00909423828125, 0.003570556640625, 0.0026092529296875], [0.002166748046875, 0.008056640625, 0.0023040771484375, 0.9296875], [4.506111145019531e-05, 0.0003337860107421875, 0.93359375, 0.00011539459228515625], [6.389617919921875e-05, 0.0001735687255859375, 7.724761962890625e-05, 0.96875], [0.000644683837890625, 0.91015625, 0.00016307830810546875, 0.00010538101196289062], [0.000133514404296875, 0.00049591064453125, 0.953125, 0.0002651214599609375], [0.00020313262939453125, 0.87890625, 9.584426879882812e-05, 9.012222290039062e-05], [5.698204040527344e-05, 0.0001277923583984375, 0.0001277923583984375, 0.9765625], [0.00017261505126953125, 0.000823974609375, 0.96484375, 0.00025177001953125], [0.0004863739013671875, 0.00131988525390625, 0.93359375, 0.00159454345703125], [7.772445678710938e-05, 0.000225067138671875, 0.0001544952392578125, 0.9765625], [0.00020122528076171875, 0.000331878662109375, 0.00020122528076171875, 0.98828125], [0.98046875, 4.744529724121094e-05, 1.9788742065429688e-05, 1.4483928680419922e-05], [4.982948303222656e-05, 0.0002689361572265625, 6.818771362304688e-05, 0.96875], [0.00018215179443359375, 0.953125, 9.1552734375e-05, 0.00014209747314453125], [0.002166748046875, 0.93359375, 0.00031280517578125, 0.0004024505615234375], [0.00012874603271484375, 0.00012874603271484375, 0.98046875, 0.00045013427734375], [0.00982666015625, 0.01263427734375, 0.08203125, 0.609375], [3.647804260253906e-05, 7.2479248046875e-05, 0.96484375, 0.00010538101196289062], [0.002197265625, 0.88671875, 0.0014190673828125, 0.005279541015625], [0.00086212158203125, 0.002197265625, 0.0014190673828125, 0.88671875], [0.00012159347534179688, 0.00012159347534179688, 0.984375, 6.103515625e-05], [0.0019073486328125, 0.0004520416259765625, 0.92578125, 0.0006561279296875], [0.00012111663818359375, 0.0003299713134765625, 0.98046875, 0.000308990478515625], [0.0003490447998046875, 0.000576019287109375, 0.0004482269287109375, 0.98046875], [3.147125244140625e-05, 0.00013256072998046875, 0.94921875, 0.00013256072998046875], [9.012222290039062e-05, 0.0002613067626953125, 0.9375, 0.0004024505615234375], [4.410743713378906e-05, 0.0001544952392578125, 0.0001125335693359375, 0.97265625], [0.0006256103515625, 0.00090789794921875, 0.0016937255859375, 0.93359375], [0.00054931640625, 0.001922607421875, 0.0006256103515625, 0.9375], [0.00028228759765625, 0.8984375, 0.00011777877807617188, 8.630752563476562e-05], [5.459785461425781e-05, 7.009506225585938e-05, 0.9375, 9.012222290039062e-05], [4.00543212890625e-05, 0.00012302398681640625, 0.9375, 9.012222290039062e-05], [0.0014495849609375, 0.0014495849609375, 0.96484375, 0.0022430419921875], [0.0013275146484375, 0.828125, 0.00116729736328125, 0.00116729736328125], [6.437301635742188e-05, 0.00019741058349609375, 0.0001125335693359375, 0.97265625], [0.921875, 0.00799560546875, 0.004547119140625, 0.016845703125], [5.14984130859375e-05, 0.000278472900390625, 0.00014019012451171875, 0.94140625], [0.96484375, 0.00011205673217773438, 4.9591064453125e-05, 2.658367156982422e-05], [6.580352783203125e-05, 0.0001220703125, 0.00010824203491210938, 0.9921875], [0.0004100799560546875, 0.00183868408203125, 0.89453125, 0.00323486328125], [0.0004444122314453125, 0.8046875, 7.2479248046875e-05, 7.724761962890625e-05], [2.3126602172851562e-05, 0.00016117095947265625, 0.953125, 0.00016117095947265625], [0.00010442733764648438, 0.95703125, 7.152557373046875e-05, 7.152557373046875e-05], [2.467632293701172e-05, 0.000133514404296875, 0.00046539306640625, 0.953125], [0.000244140625, 0.87890625, 0.0002593994140625, 0.000244140625], [0.000579833984375, 0.8671875, 0.0002574920654296875, 0.000423431396484375], [0.0002899169921875, 0.0002727508544921875, 0.0004482269287109375, 0.9765625], [0.00022602081298828125, 0.00021266937255859375, 0.98046875, 0.0006561279296875], [0.00020885467529296875, 0.000415802001953125, 0.96484375, 0.0028839111328125], 