{"mean_correct": 1.0, "total_correct": 33, "is_correct": [1.0, 1.0, 1.0, 1.0, 1.0, 1.0, 1.0, 1.0, 1.0, 1.0, 1.0, 1.0, 1.0, 1.0, 1.0, 1.0, 1.0, 1.0, 1.0, 1.0, 1.0, 1.0, 1.0, 1.0, 1.0, 1.0, 1.0, 1.0, 1.0, 1.0, 1.0, 1.0, 1.0], "output_probs": [[0.97265625, 0.0004177093505859375, 0.000370025634765625, 0.00064849853515625], [0.00014781951904296875, 0.00066375732421875, 0.93359375, 0.00140380859375], [0.000690460205078125, 0.0029144287109375, 0.9140625, 0.00078582763671875], [0.0010833740234375, 0.0020294189453125, 0.00179290771484375, 0.92578125], [0.97265625, 0.0004444122314453125, 8.7738037109375e-05, 9.918212890625e-05], [3.695487976074219e-05, 0.00010728836059570312, 6.914138793945312e-05, 0.984375], [0.9609375, 0.0005645751953125, 0.00077056884765625, 0.000125885009765625], [0.0016632080078125, 0.009033203125, 0.000614166259765625, 0.91796875], [2.3245811462402344e-05, 6.723403930664062e-05, 0.95703125, 0.000171661376953125], [0.00017452239990234375, 0.00064849853515625, 0.000782012939453125, 0.97265625], [0.00019550323486328125, 0.00019550323486328125, 0.9609375, 0.000152587890625], [0.00408935546875, 0.94140625, 0.003387451171875, 0.013427734375], [0.00015163421630859375, 0.00081634521484375, 0.953125, 0.000766754150390625], [0.00017547607421875, 0.91796875, 0.00010633468627929688, 6.437301635742188e-05], [0.859375, 0.0004749298095703125, 0.054931640625, 9.34600830078125e-05], [0.047607421875, 0.06103515625, 0.0023651123046875, 0.7421875], [3.361701965332031e-05, 8.58306884765625e-05, 0.953125, 0.00023365020751953125], [0.0003108978271484375, 0.000957489013671875, 0.000331878662109375, 0.98828125], [0.82421875, 0.00262451171875, 0.0023193359375, 0.0021820068359375], [0.0001544952392578125, 0.000225067138671875, 0.97265625, 0.0027313232421875], [0.94140625, 0.0028076171875, 0.0011749267578125, 0.0024871826171875], [0.00018215179443359375, 0.000598907470703125, 0.027099609375, 0.89453125], [0.9765625, 0.00023937225341796875, 0.0001277923583984375, 3.910064697265625e-05], [0.000904083251953125, 0.00335693359375, 0.9296875, 0.005889892578125], [3.337860107421875e-05, 0.0001811981201171875, 0.94921875, 0.000102996826171875], [0.9609375, 0.0001621246337890625, 0.000118255615234375, 5.5789947509765625e-05], [0.000652313232421875, 0.031494140625, 0.00147247314453125, 0.80859375], [0.953125, 0.004150390625, 0.00183868408203125, 0.0022125244140625], [0.94921875, 0.002349853515625, 0.002349853515625, 0.00151824951171875], [0.96484375, 0.00012683868408203125, 7.2479248046875e-05, 3.647804260253906e-05], [0.00010395050048828125, 9.775161743164062e-05, 0.95703125, 0.00022029876708984375], [0.004791259765625, 0.130859375, 0.017822265625, 0.51953125], [0.00174713134765625, 0.00119781494140625, 0.0014495849609375, 0.90625]]}