{"custom_eval_results": {"gemma-2-2b_sweep_topk_ctx128_ef8_0824/resid_post_layer_19/trainer_0": {"llm_test_accuracy": 0.965600049495697, "sae_test_accuracy": 0.9664000511169434, "sae_top_1_test_accuracy": 0.8690000414848328, "sae_top_2_test_accuracy": 0.8438000321388245, "sae_top_5_test_accuracy": 0.8646000623703003, "sae_top_10_test_accuracy": 0.9052000403404236, "sae_top_20_test_accuracy": 0.9326000332832336, "sae_top_50_test_accuracy": 0.9482000350952149, "sae_top_100_test_accuracy": 0.9588000416755676}, "gemma-2-2b_sweep_topk_ctx128_ef8_0824/resid_post_layer_19/trainer_1": {"llm_test_accuracy": 0.965600049495697, "sae_test_accuracy": 0.9648000478744507, "sae_top_1_test_accuracy": 0.88760005235672, "sae_top_2_test_accuracy": 0.8792000532150268, "sae_top_5_test_accuracy": 0.8796000599861145, "sae_top_10_test_accuracy": 0.9170000433921814, "sae_top_20_test_accuracy": 0.9250000357627869, "sae_top_50_test_accuracy": 0.9538000583648681, "sae_top_100_test_accuracy": 0.962000060081482}, "gemma-2-2b_sweep_topk_ctx128_ef8_0824/resid_post_layer_19/trainer_2": {"llm_test_accuracy": 0.965600049495697, "sae_test_accuracy": 0.9666000485420227, "sae_top_1_test_accuracy": 0.8482000350952148, "sae_top_2_test_accuracy": 0.7984000325202942, "sae_top_5_test_accuracy": 0.8470000386238098, "sae_top_10_test_accuracy": 0.9082000613212585, "sae_top_20_test_accuracy": 0.9248000383377075, "sae_top_50_test_accuracy": 0.9566000580787659, "sae_top_100_test_accuracy": 0.9610000491142273}, "gemma-2-2b_sweep_topk_ctx128_ef8_0824/resid_post_layer_19/trainer_3": {"llm_test_accuracy": 0.965600049495697, "sae_test_accuracy": 0.9642000436782837, "sae_top_1_test_accuracy": 0.7872000455856323, "sae_top_2_test_accuracy": 0.8020000219345093, "sae_top_5_test_accuracy": 0.8524000525474549, "sae_top_10_test_accuracy": 0.906600046157837, "sae_top_20_test_accuracy": 0.9302000403404236, "sae_top_50_test_accuracy": 0.9484000563621521, "sae_top_100_test_accuracy": 0.9596000552177429}, "gemma-2-2b_sweep_topk_ctx128_ef8_0824/resid_post_layer_19/trainer_4": {"llm_test_accuracy": 0.965600049495697, "sae_test_accuracy": 0.9690000414848328, "sae_top_1_test_accuracy": 0.7918000459671021, "sae_top_2_test_accuracy": 0.8440000414848328, "sae_top_5_test_accuracy": 0.8768000364303589, "sae_top_10_test_accuracy": 0.9018000483512878, "sae_top_20_test_accuracy": 0.91920006275177, "sae_top_50_test_accuracy": 0.9494000434875488, "sae_top_100_test_accuracy": 0.9564000487327575}, "gemma-2-2b_sweep_topk_ctx128_ef8_0824/resid_post_layer_19/trainer_5": {"llm_test_accuracy": 0.965600049495697, "sae_test_accuracy": 0.9672000527381897, "sae_top_1_test_accuracy": 0.7548000335693359, "sae_top_2_test_accuracy": 0.8492000222206115, "sae_top_5_test_accuracy": 0.8978000521659851, "sae_top_10_test_accuracy": 0.9198000311851502, "sae_top_20_test_accuracy": 0.9236000418663025, "sae_top_50_test_accuracy": 0.9394000411033631, "sae_top_100_test_accuracy": 0.9546000480651855}}, "custom_eval_config": {"random_seed": 42, "model_dtype": "torch.bfloat16", "dataset_name": "bias_in_bios", "probe_train_set_size": 4000, "probe_test_set_size": 1000, "context_length": 128, "probe_batch_size": 250, "epochs": 10, "lr": 0.001, "sae_batch_size": 125, "sae_release": "sae_bench_gemma-2-2b_sweep_topk_ctx128_ef8_0824", "model_name": "gemma-2-2b"}}