{"custom_eval_results": {"pythia70m_sweep_topk_ctx128_0730/resid_post_layer_4/trainer_0": {"llm_test_accuracy": 0.9136000394821167, "sae_test_accuracy": 0.9054000377655029, "sae_top_1_test_accuracy": 0.7916000485420227, "sae_top_2_test_accuracy": 0.7700000166893005, "sae_top_5_test_accuracy": 0.8466000437736512, "sae_top_10_test_accuracy": 0.8642000555992126, "sae_top_20_test_accuracy": 0.865600049495697, "sae_top_50_test_accuracy": 0.8798000454902649, "sae_top_100_test_accuracy": 0.8868000507354736}, "pythia70m_sweep_topk_ctx128_0730/resid_post_layer_4/trainer_1": {"llm_test_accuracy": 0.9136000394821167, "sae_test_accuracy": 0.8994000434875489, "sae_top_1_test_accuracy": 0.7762000322341919, "sae_top_2_test_accuracy": 0.811400043964386, "sae_top_5_test_accuracy": 0.8298000454902649, "sae_top_10_test_accuracy": 0.8612000465393066, "sae_top_20_test_accuracy": 0.8724000453948975, "sae_top_50_test_accuracy": 0.8788000345230103, "sae_top_100_test_accuracy": 0.8844000458717346}, "pythia70m_sweep_topk_ctx128_0730/resid_post_layer_4/trainer_2": {"llm_test_accuracy": 0.9136000394821167, "sae_test_accuracy": 0.9190000414848327, "sae_top_1_test_accuracy": 0.8444000363349915, "sae_top_2_test_accuracy": 0.8248000383377075, "sae_top_5_test_accuracy": 0.8434000492095948, "sae_top_10_test_accuracy": 0.8546000361442566, "sae_top_20_test_accuracy": 0.8768000364303589, "sae_top_50_test_accuracy": 0.8784000515937805, "sae_top_100_test_accuracy": 0.8862000346183777}, "pythia70m_sweep_topk_ctx128_0730/resid_post_layer_4/trainer_3": {"llm_test_accuracy": 0.9136000394821167, "sae_test_accuracy": 0.9206000447273255, "sae_top_1_test_accuracy": 0.83340003490448, "sae_top_2_test_accuracy": 0.8302000284194946, "sae_top_5_test_accuracy": 0.8302000403404236, "sae_top_10_test_accuracy": 0.8494000434875488, "sae_top_20_test_accuracy": 0.8690000414848328, "sae_top_50_test_accuracy": 0.8744000434875489, "sae_top_100_test_accuracy": 0.890600049495697}, "pythia70m_sweep_topk_ctx128_0730/resid_post_layer_4/trainer_4": {"llm_test_accuracy": 0.9136000394821167, "sae_test_accuracy": 0.9028000473976135, "sae_top_1_test_accuracy": 0.7790000438690186, "sae_top_2_test_accuracy": 0.8140000343322754, "sae_top_5_test_accuracy": 0.812600028514862, "sae_top_10_test_accuracy": 0.8500000357627868, "sae_top_20_test_accuracy": 0.8720000386238098, "sae_top_50_test_accuracy": 0.8748000383377075, "sae_top_100_test_accuracy": 0.8776000499725342}, "pythia70m_sweep_topk_ctx128_0730/resid_post_layer_4/trainer_5": {"llm_test_accuracy": 0.9136000394821167, "sae_test_accuracy": 0.910200035572052, "sae_top_1_test_accuracy": 0.7604000329971313, "sae_top_2_test_accuracy": 0.815000033378601, "sae_top_5_test_accuracy": 0.8468000411987304, "sae_top_10_test_accuracy": 0.8404000401496887, "sae_top_20_test_accuracy": 0.8636000275611877, "sae_top_50_test_accuracy": 0.8832000494003296, "sae_top_100_test_accuracy": 0.8854000449180603}, "pythia70m_sweep_topk_ctx128_0730/resid_post_layer_4/trainer_6": {"llm_test_accuracy": 0.9136000394821167, "sae_test_accuracy": 0.9166000604629516, "sae_top_1_test_accuracy": 0.7964000344276428, "sae_top_2_test_accuracy": 0.7482000231742859, "sae_top_5_test_accuracy": 0.8200000405311585, "sae_top_10_test_accuracy": 0.8516000509262085, "sae_top_20_test_accuracy": 0.860800051689148, "sae_top_50_test_accuracy": 0.8686000347137451, "sae_top_100_test_accuracy": 0.8934000253677368}, "pythia70m_sweep_topk_ctx128_0730/resid_post_layer_4/trainer_7": {"llm_test_accuracy": 0.9136000394821167, "sae_test_accuracy": 0.9226000428199768, "sae_top_1_test_accuracy": 0.7734000325202942, "sae_top_2_test_accuracy": 0.7224000215530395, "sae_top_5_test_accuracy": 0.8200000524520874, "sae_top_10_test_accuracy": 0.8350000381469727, "sae_top_20_test_accuracy": 0.8628000378608703, "sae_top_50_test_accuracy": 0.8736000418663025, "sae_top_100_test_accuracy": 0.8872000455856324}, "pythia70m_sweep_topk_ctx128_0730/resid_post_layer_4/trainer_8": {"llm_test_accuracy": 0.9136000394821167, "sae_test_accuracy": 0.9030000567436218, "sae_top_1_test_accuracy": 0.7886000275611877, "sae_top_2_test_accuracy": 0.8122000336647034, "sae_top_5_test_accuracy": 0.8106000304222107, "sae_top_10_test_accuracy": 0.8508000493049621, "sae_top_20_test_accuracy": 0.8696000456809998, "sae_top_50_test_accuracy": 0.8838000297546387, "sae_top_100_test_accuracy": 0.8948000550270081}, "pythia70m_sweep_topk_ctx128_0730/resid_post_layer_4/trainer_9": {"llm_test_accuracy": 0.9136000394821167, "sae_test_accuracy": 0.90840003490448, "sae_top_1_test_accuracy": 0.7812000393867493, "sae_top_2_test_accuracy": 0.79000004529953, "sae_top_5_test_accuracy": 0.8030000329017639, "sae_top_10_test_accuracy": 0.8340000510215759, "sae_top_20_test_accuracy": 0.8666000485420227, "sae_top_50_test_accuracy": 0.8878000497817993, "sae_top_100_test_accuracy": 0.8980000376701355}, "pythia70m_sweep_topk_ctx128_0730/resid_post_layer_4/trainer_10": {"llm_test_accuracy": 0.9136000394821167, "sae_test_accuracy": 0.9214000463485718, "sae_top_1_test_accuracy": 0.781600046157837, "sae_top_2_test_accuracy": 0.7060000181198121, "sae_top_5_test_accuracy": 0.8098000407218933, "sae_top_10_test_accuracy": 0.8502000570297241, "sae_top_20_test_accuracy": 0.862600040435791, "sae_top_50_test_accuracy": 0.8794000387191773, "sae_top_100_test_accuracy": 0.8880000472068786}, "pythia70m_sweep_topk_ctx128_0730/resid_post_layer_4/trainer_11": {"llm_test_accuracy": 0.9136000394821167, "sae_test_accuracy": 0.9176000595092774, "sae_top_1_test_accuracy": 0.7022000432014466, "sae_top_2_test_accuracy": 0.7592000365257263, "sae_top_5_test_accuracy": 0.8240000367164612, "sae_top_10_test_accuracy": 0.835800039768219, "sae_top_20_test_accuracy": 0.8638000249862671, "sae_top_50_test_accuracy": 0.8856000542640686, "sae_top_100_test_accuracy": 0.8908000349998474}, "pythia70m_sweep_topk_ctx128_0730/resid_post_layer_4/trainer_12": {"llm_test_accuracy": 0.9136000394821167, "sae_test_accuracy": 0.9004000425338745, "sae_top_1_test_accuracy": 0.7470000386238098, "sae_top_2_test_accuracy": 0.7860000371932984, "sae_top_5_test_accuracy": 0.8042000293731689, "sae_top_10_test_accuracy": 0.8288000345230102, "sae_top_20_test_accuracy": 0.8722000360488892, "sae_top_50_test_accuracy": 0.890600037574768, "sae_top_100_test_accuracy": 0.8920000433921814}, "pythia70m_sweep_topk_ctx128_0730/resid_post_layer_4/trainer_13": {"llm_test_accuracy": 0.9136000394821167, "sae_test_accuracy": 0.910200035572052, "sae_top_1_test_accuracy": 0.6654000282287598, "sae_top_2_test_accuracy": 0.7502000451087951, "sae_top_5_test_accuracy": 0.8204000473022461, "sae_top_10_test_accuracy": 0.8336000442504883, "sae_top_20_test_accuracy": 0.861400043964386, "sae_top_50_test_accuracy": 0.8886000275611877, "sae_top_100_test_accuracy": 0.8914000391960144}, "pythia70m_sweep_topk_ctx128_0730/resid_post_layer_4/trainer_14": {"llm_test_accuracy": 0.9136000394821167, "sae_test_accuracy": 0.9082000374794006, "sae_top_1_test_accuracy": 0.7192000269889831, "sae_top_2_test_accuracy": 0.7832000374794006, "sae_top_5_test_accuracy": 0.8100000262260437, "sae_top_10_test_accuracy": 0.843600046634674, "sae_top_20_test_accuracy": 0.8658000230789185, "sae_top_50_test_accuracy": 0.8818000435829163, "sae_top_100_test_accuracy": 0.889400053024292}, "pythia70m_sweep_topk_ctx128_0730/resid_post_layer_4/trainer_15": {"llm_test_accuracy": 0.9136000394821167, "sae_test_accuracy": 0.907800042629242, "sae_top_1_test_accuracy": 0.7640000343322754, "sae_top_2_test_accuracy": 0.7730000257492066, "sae_top_5_test_accuracy": 0.8026000261306763, "sae_top_10_test_accuracy": 0.8498000502586365, "sae_top_20_test_accuracy": 0.8538000345230102, "sae_top_50_test_accuracy": 0.8780000448226929, "sae_top_100_test_accuracy": 0.8892000436782836}, "pythia70m_sweep_topk_ctx128_0730/resid_post_layer_4/trainer_16": {"llm_test_accuracy": 0.9136000394821167, "sae_test_accuracy": 0.9032000422477722, "sae_top_1_test_accuracy": 0.7180000305175781, "sae_top_2_test_accuracy": 0.6612000346183777,