{"custom_eval_results": {"pythia70m_sweep_topk_ctx128_0730/resid_post_layer_4/trainer_0": {"llm_test_accuracy": 0.9158000469207763, "sae_test_accuracy": 0.9030000329017639, "sae_top_1_test_accuracy": 0.8088000297546387, "sae_top_2_test_accuracy": 0.760200035572052, "sae_top_5_test_accuracy": 0.8504000544548035, "sae_top_10_test_accuracy": 0.8696000337600708, "sae_top_20_test_accuracy": 0.8688000440597534, "sae_top_50_test_accuracy": 0.8742000460624695, "sae_top_100_test_accuracy": 0.8860000371932983}, "pythia70m_sweep_topk_ctx128_0730/resid_post_layer_4/trainer_1": {"llm_test_accuracy": 0.9158000469207763, "sae_test_accuracy": 0.9002000331878662, "sae_top_1_test_accuracy": 0.7946000456809997, "sae_top_2_test_accuracy": 0.8002000451087952, "sae_top_5_test_accuracy": 0.8344000458717347, "sae_top_10_test_accuracy": 0.8544000267982483, "sae_top_20_test_accuracy": 0.8728000402450562, "sae_top_50_test_accuracy": 0.877400028705597, "sae_top_100_test_accuracy": 0.8860000371932983}, "pythia70m_sweep_topk_ctx128_0730/resid_post_layer_4/trainer_2": {"llm_test_accuracy": 0.9158000469207763, "sae_test_accuracy": 0.9152000427246094, "sae_top_1_test_accuracy": 0.8484000563621521, "sae_top_2_test_accuracy": 0.8276000499725342, "sae_top_5_test_accuracy": 0.8504000425338745, "sae_top_10_test_accuracy": 0.8534000277519226, "sae_top_20_test_accuracy": 0.8764000415802002, "sae_top_50_test_accuracy": 0.8794000506401062, "sae_top_100_test_accuracy": 0.887000036239624}, "pythia70m_sweep_topk_ctx128_0730/resid_post_layer_4/trainer_3": {"llm_test_accuracy": 0.9158000469207763, "sae_test_accuracy": 0.9224000453948975, "sae_top_1_test_accuracy": 0.8308000445365906, "sae_top_2_test_accuracy": 0.8134000420570373, "sae_top_5_test_accuracy": 0.8334000587463379, "sae_top_10_test_accuracy": 0.8508000373840332, "sae_top_20_test_accuracy": 0.8712000370025634, "sae_top_50_test_accuracy": 0.8788000345230103, "sae_top_100_test_accuracy": 0.8880000352859497}, "pythia70m_sweep_topk_ctx128_0730/resid_post_layer_4/trainer_4": {"llm_test_accuracy": 0.9158000469207763, "sae_test_accuracy": 0.9082000494003296, "sae_top_1_test_accuracy": 0.7732000470161438, "sae_top_2_test_accuracy": 0.8194000363349915, "sae_top_5_test_accuracy": 0.80600004196167, "sae_top_10_test_accuracy": 0.8476000308990479, "sae_top_20_test_accuracy": 0.8726000428199768, "sae_top_50_test_accuracy": 0.8760000348091126, "sae_top_100_test_accuracy": 0.8872000336647033}, "pythia70m_sweep_topk_ctx128_0730/resid_post_layer_4/trainer_5": {"llm_test_accuracy": 0.9158000469207763, "sae_test_accuracy": 0.9074000477790832, "sae_top_1_test_accuracy": 0.7694000482559205, "sae_top_2_test_accuracy": 0.7994000315666199, "sae_top_5_test_accuracy": 0.8372000336647034, "sae_top_10_test_accuracy": 0.841200053691864, "sae_top_20_test_accuracy": 0.8678000330924988, "sae_top_50_test_accuracy": 0.886400043964386, "sae_top_100_test_accuracy": 0.884600031375885}, "pythia70m_sweep_topk_ctx128_0730/resid_post_layer_4/trainer_6": {"llm_test_accuracy": 0.9158000469207763, "sae_test_accuracy": 0.9174000501632691, "sae_top_1_test_accuracy": 0.7878000259399414, "sae_top_2_test_accuracy": 0.7592000365257263, "sae_top_5_test_accuracy": 0.8332000374794006, "sae_top_10_test_accuracy": 0.8522000432014465, "sae_top_20_test_accuracy": 0.8694000363349914, "sae_top_50_test_accuracy": 0.87680002450943, "sae_top_100_test_accuracy": 0.8848000407218933}, "pythia70m_sweep_topk_ctx128_0730/resid_post_layer_4/trainer_7": {"llm_test_accuracy": 0.9158000469207763, "sae_test_accuracy": 0.9198000311851502, "sae_top_1_test_accuracy": 0.7738000392913819, "sae_top_2_test_accuracy": 0.7318000435829163, "sae_top_5_test_accuracy": 0.8268000364303589, "sae_top_10_test_accuracy": 0.8314000487327575, "sae_top_20_test_accuracy": 0.8612000465393066, "sae_top_50_test_accuracy": 0.8730000495910645, "sae_top_100_test_accuracy": 0.8892000555992127}, "pythia70m_sweep_topk_ctx128_0730/resid_post_layer_4/trainer_8": {"llm_test_accuracy": 0.9158000469207763, "sae_test_accuracy": 0.9024000525474548, "sae_top_1_test_accuracy": 0.7976000428199768, "sae_top_2_test_accuracy": 0.8054000258445739, "sae_top_5_test_accuracy": 0.8026000380516052, "sae_top_10_test_accuracy": 0.8538000345230102, "sae_top_20_test_accuracy": 0.8754000425338745, "sae_top_50_test_accuracy": 0.881000030040741, "sae_top_100_test_accuracy": 0.889400041103363}, "pythia70m_sweep_topk_ctx128_0730/resid_post_layer_4/trainer_9": {"llm_test_accuracy": 0.9158000469207763, "sae_test_accuracy": 0.9054000377655029, "sae_top_1_test_accuracy": 0.7712000250816345, "sae_top_2_test_accuracy": 0.7916000485420227, "sae_top_5_test_accuracy": 0.8266000270843505, "sae_top_10_test_accuracy": 0.832200038433075, "sae_top_20_test_accuracy": 0.8584000468254089, "sae_top_50_test_accuracy": 0.8872000455856324, "sae_top_100_test_accuracy": 0.8952000379562378}, "pythia70m_sweep_topk_ctx128_0730/resid_post_layer_4/trainer_10": {"llm_test_accuracy": 0.9158000469207763, "sae_test_accuracy": 0.9160000324249268, "sae_top_1_test_accuracy": 0.7660000443458557, "sae_top_2_test_accuracy": 0.7130000233650208, "sae_top_5_test_accuracy": 0.8174000382423401, "sae_top_10_test_accuracy": 0.8538000345230102, "sae_top_20_test_accuracy": 0.8502000451087952, "sae_top_50_test_accuracy": 0.8770000457763671, "sae_top_100_test_accuracy": 0.8912000536918641}, "pythia70m_sweep_topk_ctx128_0730/resid_post_layer_4/trainer_11": {"llm_test_accuracy": 0.9158000469207763, "sae_test_accuracy": 0.91500004529953, "sae_top_1_test_accuracy": 0.6960000395774841, "sae_top_2_test_accuracy": 0.7658000469207764, "sae_top_5_test_accuracy": 0.8212000370025635, "sae_top_10_test_accuracy": 0.8432000279426575, "sae_top_20_test_accuracy": 0.8598000526428222, "sae_top_50_test_accuracy": 0.8890000462532044, "sae_top_100_test_accuracy": 0.8866000413894654}, "pythia70m_sweep_topk_ctx128_0730/resid_post_layer_4/trainer_12": {"llm_test_accuracy": 0.9158000469207763, "sae_test_accuracy": 0.9010000586509704, "sae_top_1_test_accuracy": 0.7424000442028046, "sae_top_2_test_accuracy": 0.7688000321388244, "sae_top_5_test_accuracy": 0.8200000524520874, "sae_top_10_test_accuracy": 0.8200000405311585, "sae_top_20_test_accuracy": 0.8678000450134278, "sae_top_50_test_accuracy": 0.882200050354004, "sae_top_100_test_accuracy": 0.8958000421524048}, "pythia70m_sweep_topk_ctx128_0730/resid_post_layer_4/trainer_13": {"llm_test_accuracy": 0.9158000469207763, "sae_test_accuracy": 0.8998000502586365, "sae_top_1_test_accuracy": 0.670600026845932, "sae_top_2_test_accuracy": 0.7302000284194946, "sae_top_5_test_accuracy": 0.8164000511169434, "sae_top_10_test_accuracy": 0.8372000455856323, "sae_top_20_test_accuracy": 0.8606000423431397, "sae_top_50_test_accuracy": 0.8830000519752502, "sae_top_100_test_accuracy": 0.8926000475883484}, "pythia70m_sweep_topk_ctx128_0730/resid_post_layer_4/trainer_14": {"llm_test_accuracy": 0.9158000469207763, "sae_test_accuracy": 0.9148000359535218, "sae_top_1_test_accuracy": 0.7228000164031982, "sae_top_2_test_accuracy": 0.7682000279426575, "sae_top_5_test_accuracy": 0.8032000303268433, "sae_top_10_test_accuracy": 0.8486000418663024, "sae_top_20_test_accuracy": 0.8688000440597534, "sae_top_50_test_accuracy": 0.8834000349044799, "sae_top_100_test_accuracy": 0.8942000508308411}, "pythia70m_sweep_topk_ctx128_0730/resid_post_layer_4/trainer_15": {"llm_test_accuracy": 0.9158000469207763, "sae_test_accuracy": 0.912000048160553, "sae_top_1_test_accuracy": 0.7582000374794007, "sae_top_2_test_accuracy": 0.7814000368118286, "sae_top_5_test_accuracy": 0.8082000374794006, "sae_top_10_test_accuracy": 0.843000054359436, "sae_top_20_test_accuracy": 0.8556000351905823, "sae_top_50_test_accuracy": 0.8796000480651855, "sae_top_100_test_accuracy": 0.8922000408172608}, "pythia70m_sweep_topk_ctx128_0730/resid_post_layer_4/trainer_16": {"llm_test_accuracy": 0.9158000469207763, "sae_test_accuracy": 0.9046000480651856, "sae_top_1_test_accuracy": 0.7284000277519226, "sae_top_2_test_accuracy": 0.6552000164985656,