{"custom_eval_results": {"blocks.4.hook_resid_post__trainer_0": {"llm_test_accuracy": 0.9098000407218934, "sae_test_accuracy": 0.9052000522613526, "sae_top_1_test_accuracy": 0.7988000273704529, "sae_top_2_test_accuracy": 0.788200032711029, "sae_top_5_test_accuracy": 0.8582000374794007, "sae_top_10_test_accuracy": 0.8636000275611877, "sae_top_20_test_accuracy": 0.8678000450134278, "sae_top_50_test_accuracy": 0.8824000477790832, "sae_top_100_test_accuracy": 0.8830000400543213}, "blocks.4.hook_resid_post__trainer_1": {"llm_test_accuracy": 0.9098000407218934, "sae_test_accuracy": 0.9030000448226929, "sae_top_1_test_accuracy": 0.7454000234603881, "sae_top_2_test_accuracy": 0.7998000383377075, "sae_top_5_test_accuracy": 0.8214000463485718, "sae_top_10_test_accuracy": 0.8710000395774842, "sae_top_20_test_accuracy": 0.8708000421524048, "sae_top_50_test_accuracy": 0.8758000254631042, "sae_top_100_test_accuracy": 0.8862000346183777}, "blocks.4.hook_resid_post__trainer_2": {"llm_test_accuracy": 0.9098000407218934, "sae_test_accuracy": 0.9208000421524047, "sae_top_1_test_accuracy": 0.8312000274658203, "sae_top_2_test_accuracy": 0.832200026512146, "sae_top_5_test_accuracy": 0.8458000302314759, "sae_top_10_test_accuracy": 0.8618000388145447, "sae_top_20_test_accuracy": 0.8772000432014465, "sae_top_50_test_accuracy": 0.8790000319480896, "sae_top_100_test_accuracy": 0.8880000472068786}, "blocks.4.hook_resid_post__trainer_3": {"llm_test_accuracy": 0.9098000407218934, "sae_test_accuracy": 0.9170000433921814, "sae_top_1_test_accuracy": 0.8272000432014466, "sae_top_2_test_accuracy": 0.8298000454902649, "sae_top_5_test_accuracy": 0.8546000480651855, "sae_top_10_test_accuracy": 0.8612000346183777, "sae_top_20_test_accuracy": 0.8736000299453736, "sae_top_50_test_accuracy": 0.8790000438690185, "sae_top_100_test_accuracy": 0.8838000535964966}, "blocks.4.hook_resid_post__trainer_4": {"llm_test_accuracy": 0.9098000407218934, "sae_test_accuracy": 0.9068000435829162, "sae_top_1_test_accuracy": 0.7732000350952148, "sae_top_2_test_accuracy": 0.8016000390052795, "sae_top_5_test_accuracy": 0.837000036239624, "sae_top_10_test_accuracy": 0.8476000428199768, "sae_top_20_test_accuracy": 0.8724000573158264, "sae_top_50_test_accuracy": 0.8826000452041626, "sae_top_100_test_accuracy": 0.88760005235672}, "blocks.4.hook_resid_post__trainer_5": {"llm_test_accuracy": 0.9098000407218934, "sae_test_accuracy": 0.9088000416755676, "sae_top_1_test_accuracy": 0.7746000289916992, "sae_top_2_test_accuracy": 0.7972000241279602, "sae_top_5_test_accuracy": 0.8486000418663024, "sae_top_10_test_accuracy": 0.8518000245094299, "sae_top_20_test_accuracy": 0.8648000478744506, "sae_top_50_test_accuracy": 0.8802000284194946, "sae_top_100_test_accuracy": 0.8826000452041626}, "blocks.4.hook_resid_post__trainer_6": {"llm_test_accuracy": 0.9098000407218934, "sae_test_accuracy": 0.9172000408172607, "sae_top_1_test_accuracy": 0.7890000343322754, "sae_top_2_test_accuracy": 0.752400028705597, "sae_top_5_test_accuracy": 0.8326000452041626, "sae_top_10_test_accuracy": 0.8448000431060791, "sae_top_20_test_accuracy": 0.8692000389099122, "sae_top_50_test_accuracy": 0.8696000337600708, "sae_top_100_test_accuracy": 0.8892000436782836}, "blocks.4.hook_resid_post__trainer_7": {"llm_test_accuracy": 0.9098000407218934, "sae_test_accuracy": 0.9208000540733338, "sae_top_1_test_accuracy": 0.784600031375885, "sae_top_2_test_accuracy": 0.8388000369071961, "sae_top_5_test_accuracy": 0.8334000468254089, "sae_top_10_test_accuracy": 0.8384000420570373, "sae_top_20_test_accuracy": 0.860200047492981, "sae_top_50_test_accuracy": 0.8668000340461731, "sae_top_100_test_accuracy": 0.885200035572052}, "blocks.4.hook_resid_post__trainer_8": {"llm_test_accuracy": 0.9098000407218934, "sae_test_accuracy": 0.9064000487327576, "sae_top_1_test_accuracy": 0.7756000280380249, "sae_top_2_test_accuracy": 0.809600043296814, "sae_top_5_test_accuracy": 0.813200044631958, "sae_top_10_test_accuracy": 0.8336000442504883, "sae_top_20_test_accuracy": 0.8716000318527222, "sae_top_50_test_accuracy": 0.879200029373169, "sae_top_100_test_accuracy": 0.8926000356674194}, "blocks.4.hook_resid_post__trainer_9": {"llm_test_accuracy": 0.9098000407218934, "sae_test_accuracy": 0.9104000449180603, "sae_top_1_test_accuracy": 0.7806000351905823, "sae_top_2_test_accuracy": 0.7908000349998474, "sae_top_5_test_accuracy": 0.8438000440597534, "sae_top_10_test_accuracy": 0.838800024986267, "sae_top_20_test_accuracy": 0.863200044631958, "sae_top_50_test_accuracy": 0.888800036907196, "sae_top_100_test_accuracy": 0.8938000440597534}, "blocks.4.hook_resid_post__trainer_10": {"llm_test_accuracy": 0.9098000407218934, "sae_test_accuracy": 0.9228000402450561, "sae_top_1_test_accuracy": 0.7276000261306763, "sae_top_2_test_accuracy": 0.7696000337600708, "sae_top_5_test_accuracy": 0.8034000515937805, "sae_top_10_test_accuracy": 0.8420000314712525, "sae_top_20_test_accuracy": 0.8696000337600708, "sae_top_50_test_accuracy": 0.8804000377655029, "sae_top_100_test_accuracy": 0.8858000278472901}, "blocks.4.hook_resid_post__trainer_11": {"llm_test_accuracy": 0.9098000407218934, "sae_test_accuracy": 0.9218000531196594, "sae_top_1_test_accuracy": 0.7038000106811524, "sae_top_2_test_accuracy": 0.7688000440597534, "sae_top_5_test_accuracy": 0.8184000372886657, "sae_top_10_test_accuracy": 0.8486000418663024, "sae_top_20_test_accuracy": 0.8706000447273254, "sae_top_50_test_accuracy": 0.884000051021576, "sae_top_100_test_accuracy": 0.8848000407218933}, "blocks.4.hook_resid_post__trainer_12": {"llm_test_accuracy": 0.9098000407218934, "sae_test_accuracy": 0.9042000412940979, "sae_top_1_test_accuracy": 0.6900000214576721, "sae_top_2_test_accuracy": 0.7740000367164612, "sae_top_5_test_accuracy": 0.8286000490188599, "sae_top_10_test_accuracy": 0.8406000375747681, "sae_top_20_test_accuracy": 0.8726000308990478, "sae_top_50_test_accuracy": 0.8854000329971313, "sae_top_100_test_accuracy": 0.891800057888031}, "blocks.4.hook_resid_post__trainer_13": {"llm_test_accuracy": 0.9098000407218934, "sae_test_accuracy": 0.9030000448226929, "sae_top_1_test_accuracy": 0.711400032043457, "sae_top_2_test_accuracy": 0.6766000270843506, "sae_top_5_test_accuracy": 0.8182000279426574, "sae_top_10_test_accuracy": 0.8266000390052796, "sae_top_20_test_accuracy": 0.868000042438507, "sae_top_50_test_accuracy": 0.8824000477790832, "sae_top_100_test_accuracy": 0.8836000442504883}, "blocks.4.hook_resid_post__trainer_14": {"llm_test_accuracy": 0.9098000407218934, "sae_test_accuracy": 0.9158000349998474, "sae_top_1_test_accuracy": 0.7194000124931336, "sae_top_2_test_accuracy": 0.7566000461578369, "sae_top_5_test_accuracy": 0.7820000290870667, "sae_top_10_test_accuracy": 0.8384000420570373, "sae_top_20_test_accuracy": 0.8794000387191773, "sae_top_50_test_accuracy": 0.884000039100647, "sae_top_100_test_accuracy": 0.8868000388145447}, "blocks.4.hook_resid_post__trainer_15": {"llm_test_accuracy": 0.9098000407218934, "sae_test_accuracy": 0.9164000391960144, "sae_top_1_test_accuracy": 0.7704000234603882, "sae_top_2_test_accuracy": 0.7420000314712525, "sae_top_5_test_accuracy": 0.8112000346183776, "sae_top_10_test_accuracy": 0.8450000405311584, "sae_top_20_test_accuracy": 0.8682000398635864, "sae_top_50_test_accuracy": 0.8784000396728515, "sae_top_100_test_accuracy": 0.8904000520706177}, "blocks.4.hook_resid_post__trainer_16": {"llm_test_accuracy": 0.9098000407218934, "sae_test_accuracy": 0.9038000583648682, "sae_top_1_test_accuracy": 0.7092000246047974, "sae_top_2_test_accuracy": 0.6754000425338745, "sae_top_5_test_accuracy": 0.7986000299453735, "sae_top_10_test_accuracy": 0.8182000160217285, "sae_top_20_test_accuracy": 0.8496000528335571, "sae_top_50_test_accuracy": 0.8746000528335571, "sae_top_100_test_accuracy": 0.8876000285148621}, "blocks.4.hook_resid_post__trainer_17": {"llm_test_accuracy": 0.9098000407218934, "sae_test_accuracy": 0.9068000435829162, "sae_top_1_test_accuracy": 0.7266000211238861, "sae_top_2_test_accuracy": 0.7466000318527222,