{"custom_eval_results": {"layer_19/width_16k/average_l0_137": {"precision": 0.6104444861412048, "recall": 0.7242571115493774, "f1": 0.6624982858473619}, "layer_19/width_16k/average_l0_23": {"precision": 0.8021329045295715, "recall": 0.6745465397834778, "f1": 0.7328279367342335}, "layer_19/width_16k/average_l0_279": {"precision": 0.5767646431922913, "recall": 0.7496444582939148, "f1": 0.6519382564919238}, "layer_19/width_16k/average_l0_40": {"precision": 0.7273058891296387, "recall": 0.6960561871528625, "f1": 0.7113379968694936}, "layer_19/width_16k/average_l0_73": {"precision": 0.6665642261505127, "recall": 0.7118448615074158, "f1": 0.6884608110878342}, "gemma-2-2b_sweep_topk_ctx128_ef8_0824/resid_post_layer_19/trainer_5": {"precision": 0.9554406404495239, "recall": 0.8132942318916321, "f1": 0.8786555565152733}, "gemma-2-2b_sweep_topk_ctx128_ef8_0824/resid_post_layer_19/trainer_4": {"precision": 0.894688069820404, "recall": 0.6728652715682983, "f1": 0.7680817171239664}, "gemma-2-2b_sweep_topk_ctx128_ef8_0824/resid_post_layer_19/trainer_3": {"precision": 0.7926811575889587, "recall": 0.6607592105865479, "f1": 0.7207332167232947}, "gemma-2-2b_sweep_topk_ctx128_ef8_0824/resid_post_layer_19/trainer_2": {"precision": 0.6817777156829834, "recall": 0.6651593446731567, "f1": 0.673366012301345}, "gemma-2-2b_sweep_topk_ctx128_ef8_0824/resid_post_layer_19/trainer_1": {"precision": 0.6538991928100586, "recall": 0.6932164430618286, "f1": 0.6729840564390845}, "gemma-2-2b_sweep_topk_ctx128_ef8_0824/resid_post_layer_19/trainer_0": {"precision": 0.6480479836463928, "recall": 0.6530355215072632, "f1": 0.6505321930313357}, "gemma-2-2b_sweep_standard_ctx128_ef8_0824/resid_post_layer_19/trainer_2": {"precision": 0.9811078310012817, "recall": 0.12347908318042755, "f1": 0.21935131390348345}, "gemma-2-2b_sweep_standard_ctx128_ef8_0824/resid_post_layer_19/trainer_3": {"precision": 0.9994439482688904, "recall": 0.28853103518486023, "f1": 0.44778912744095517}, "gemma-2-2b_sweep_standard_ctx128_ef8_0824/resid_post_layer_19/trainer_4": {"precision": 0.99997878074646, "recall": 0.6928707957267761, "f1": 0.8185678197931074}, "gemma-2-2b_sweep_standard_ctx128_ef8_0824/resid_post_layer_19/trainer_5": {"precision": 0.9999994039535522, "recall": 0.9007832407951355, "f1": 0.9478019029425447}, "gemma-2-2b_sweep_standard_ctx128_ef8_0824/resid_post_layer_19/trainer_1": {"precision": 0.9346052408218384, "recall": 0.12820445001125336, "f1": 0.2254788451981022}, "gemma-2-2b_sweep_standard_ctx128_ef8_0824/resid_post_layer_19/trainer_0": {"precision": 0.8361794948577881, "recall": 0.23443065583705902, "f1": 0.36619512200549786}}, "custom_eval_config": {"random_seed": 42, "sae_releases": ["gemma-scope-2b-pt-res", "sae_bench_gemma-2-2b_sweep_topk_ctx128_ef8_0824", "sae_bench_gemma-2-2b_sweep_standard_ctx128_ef8_0824"], "model_name": "gemma-2-2b", "layer": 19, "trainer_ids": null, "include_checkpoints": false, "selected_saes_dict": {"gemma-scope-2b-pt-res": ["layer_19/width_16k/average_l0_137", "layer_19/width_16k/average_l0_23", "layer_19/width_16k/average_l0_279", "layer_19/width_16k/average_l0_40", "layer_19/width_16k/average_l0_73"], "sae_bench_gemma-2-2b_sweep_topk_ctx128_ef8_0824": ["gemma-2-2b_sweep_topk_ctx128_ef8_0824/resid_post_layer_19/trainer_5", "gemma-2-2b_sweep_topk_ctx128_ef8_0824/resid_post_layer_19/trainer_4", "gemma-2-2b_sweep_topk_ctx128_ef8_0824/resid_post_layer_19/trainer_3", "gemma-2-2b_sweep_topk_ctx128_ef8_0824/resid_post_layer_19/trainer_2", "gemma-2-2b_sweep_topk_ctx128_ef8_0824/resid_post_layer_19/trainer_1", "gemma-2-2b_sweep_topk_ctx128_ef8_0824/resid_post_layer_19/trainer_0"], "sae_bench_gemma-2-2b_sweep_standard_ctx128_ef8_0824": ["gemma-2-2b_sweep_standard_ctx128_ef8_0824/resid_post_layer_19/trainer_2", "gemma-2-2b_sweep_standard_ctx128_ef8_0824/resid_post_layer_19/trainer_3", "gemma-2-2b_sweep_standard_ctx128_ef8_0824/resid_post_layer_19/trainer_4", "gemma-2-2b_sweep_standard_ctx128_ef8_0824/resid_post_layer_19/trainer_5", "gemma-2-2b_sweep_standard_ctx128_ef8_0824/resid_post_layer_19/trainer_1", "gemma-2-2b_sweep_standard_ctx128_ef8_0824/resid_post_layer_19/trainer_0"]}}}