{"custom_eval_results": {"pythia70m_sweep_standard_ctx128_0712/resid_post_layer_4/trainer_0": {"relative_overlap": 0.6479926705360413}, "pythia70m_sweep_standard_ctx128_0712/resid_post_layer_4/trainer_11": {"relative_overlap": 0.17740498483181}, "pythia70m_sweep_standard_ctx128_0712/resid_post_layer_4/trainer_10": {"relative_overlap": 0.4778554141521454}, "pythia70m_sweep_standard_ctx128_0712/resid_post_layer_4/trainer_1": {"relative_overlap": 0.6554679870605469}, "pythia70m_sweep_standard_ctx128_0712/resid_post_layer_4/trainer_13": {"relative_overlap": 0.20244243741035461}, "pythia70m_sweep_standard_ctx128_0712/resid_post_layer_4/trainer_14": {"relative_overlap": 0.47250229120254517}, "pythia70m_sweep_standard_ctx128_0712/resid_post_layer_4/trainer_16": {"relative_overlap": 0.6408018469810486}, "pythia70m_sweep_standard_ctx128_0712/resid_post_layer_4/trainer_17": {"relative_overlap": 0.18468348681926727}, "pythia70m_sweep_standard_ctx128_0712/resid_post_layer_4/trainer_18": {"relative_overlap": 0.5381916761398315}, "pythia70m_sweep_standard_ctx128_0712/resid_post_layer_4/trainer_2": {"relative_overlap": 0.6626664400100708}, "pythia70m_sweep_standard_ctx128_0712/resid_post_layer_4/trainer_12": {"relative_overlap": 0.5843524932861328}, "pythia70m_sweep_standard_ctx128_0712/resid_post_layer_4/trainer_3": {"relative_overlap": 0.6729834079742432}, "pythia70m_sweep_standard_ctx128_0712/resid_post_layer_4/trainer_4": {"relative_overlap": 0.5147446990013123}, "pythia70m_sweep_standard_ctx128_0712/resid_post_layer_4/trainer_5": {"relative_overlap": 0.347929984331131}, "pythia70m_sweep_standard_ctx128_0712/resid_post_layer_4/trainer_6": {"relative_overlap": 0.4835546314716339}, "pythia70m_sweep_standard_ctx128_0712/resid_post_layer_4/trainer_7": {"relative_overlap": 0.29093289375305176}, "pythia70m_sweep_standard_ctx128_0712/resid_post_layer_4/trainer_8": {"relative_overlap": 0.5564962029457092}, "pythia70m_sweep_standard_ctx128_0712/resid_post_layer_4/trainer_9": {"relative_overlap": 0.23115019500255585}, "pythia70m_sweep_standard_ctx128_0712/resid_post_layer_4/trainer_15": {"relative_overlap": 0.16742099821567535}, "pythia70m_sweep_standard_ctx128_0712/resid_post_layer_4/trainer_19": {"relative_overlap": 0.14839550852775574}, "pythia70m_sweep_topk_ctx128_0730/resid_post_layer_4/trainer_13": {"relative_overlap": 0.5358172655105591}, "pythia70m_sweep_topk_ctx128_0730/resid_post_layer_4/trainer_14": {"relative_overlap": 0.4959864020347595}, "pythia70m_sweep_topk_ctx128_0730/resid_post_layer_4/trainer_15": {"relative_overlap": 0.5045323967933655}, "pythia70m_sweep_topk_ctx128_0730/resid_post_layer_4/trainer_16": {"relative_overlap": 0.595267653465271}, "pythia70m_sweep_topk_ctx128_0730/resid_post_layer_4/trainer_17": {"relative_overlap": 0.6001307964324951}, "pythia70m_sweep_topk_ctx128_0730/resid_post_layer_4/trainer_18": {"relative_overlap": 0.6006113886833191}, "pythia70m_sweep_topk_ctx128_0730/resid_post_layer_4/trainer_19": {"relative_overlap": 0.6020078659057617}, "pythia70m_sweep_topk_ctx128_0730/resid_post_layer_4/trainer_2": {"relative_overlap": 0.3288606107234955}, "pythia70m_sweep_topk_ctx128_0730/resid_post_layer_4/trainer_3": {"relative_overlap": 0.35006365180015564}, "pythia70m_sweep_topk_ctx128_0730/resid_post_layer_4/trainer_4": {"relative_overlap": 0.4403693377971649}, "pythia70m_sweep_topk_ctx128_0730/resid_post_layer_4/trainer_5": {"relative_overlap": 0.4369056224822998}, "pythia70m_sweep_topk_ctx128_0730/resid_post_layer_4/trainer_6": {"relative_overlap": 0.3887818455696106}, "pythia70m_sweep_topk_ctx128_0730/resid_post_layer_4/trainer_7": {"relative_overlap": 0.39083048701286316}, "pythia70m_sweep_topk_ctx128_0730/resid_post_layer_4/trainer_12": {"relative_overlap": 0.5350188612937927}, "pythia70m_sweep_topk_ctx128_0730/resid_post_layer_4/trainer_11": {"relative_overlap": 0.43269360065460205}, "pythia70m_sweep_topk_ctx128_0730/resid_post_layer_4/trainer_10": {"relative_overlap": 0.43117448687553406}, "pythia70m_sweep_topk_ctx128_0730/resid_post_layer_4/trainer_1": {"relative_overlap": 0.4320434033870697}, "pythia70m_sweep_topk_ctx128_0730/resid_post_layer_4/trainer_0": {"relative_overlap": 0.4239063262939453}, "pythia70m_sweep_topk_ctx128_0730/resid_post_layer_4/trainer_9": {"relative_overlap": 0.49078986048698425}, "pythia70m_sweep_topk_ctx128_0730/resid_post_layer_4/trainer_8": {"relative_overlap": 0.494910329580307}}, "custom_eval_config": {"random_seed": 42, "sae_releases": ["sae_bench_pythia70m_sweep_standard_ctx128_0712", "sae_bench_pythia70m_sweep_topk_ctx128_0730"], "model_name": "pythia-70m-deduped", "layer": 4, "trainer_ids": [0, 1, 2, 3, 4, 5, 6, 7, 8, 9, 10, 11, 12, 13, 14, 15, 16, 17, 18, 19], "include_checkpoints": false, "selected_saes_dict": {"sae_bench_pythia70m_sweep_standard_ctx128_0712": ["pythia70m_sweep_standard_ctx128_0712/resid_post_layer_4/trainer_0", "pythia70m_sweep_standard_ctx128_0712/resid_post_layer_4/trainer_11", "pythia70m_sweep_standard_ctx128_0712/resid_post_layer_4/trainer_10", "pythia70m_sweep_standard_ctx128_0712/resid_post_layer_4/trainer_1", "pythia70m_sweep_standard_ctx128_0712/resid_post_layer_4/trainer_13", "pythia70m_sweep_standard_ctx128_0712/resid_post_layer_4/trainer_14", "pythia70m_sweep_standard_ctx128_0712/resid_post_layer_4/trainer_16", "pythia70m_sweep_standard_ctx128_0712/resid_post_layer_4/trainer_17", "pythia70m_sweep_standard_ctx128_0712/resid_post_layer_4/trainer_18", "pythia70m_sweep_standard_ctx128_0712/resid_post_layer_4/trainer_2", "pythia70m_sweep_standard_ctx128_0712/resid_post_layer_4/trainer_12", "pythia70m_sweep_standard_ctx128_0712/resid_post_layer_4/trainer_3", "pythia70m_sweep_standard_ctx128_0712/resid_post_layer_4/trainer_4", "pythia70m_sweep_standard_ctx128_0712/resid_post_layer_4/trainer_5", "pythia70m_sweep_standard_ctx128_0712/resid_post_layer_4/trainer_6", "pythia70m_sweep_standard_ctx128_0712/resid_post_layer_4/trainer_7", "pythia70m_sweep_standard_ctx128_0712/resid_post_layer_4/trainer_8", "pythia70m_sweep_standard_ctx128_0712/resid_post_layer_4/trainer_9", "pythia70m_sweep_standard_ctx128_0712/resid_post_layer_4/trainer_15", "pythia70m_sweep_standard_ctx128_0712/resid_post_layer_4/trainer_19"], "sae_bench_pythia70m_sweep_topk_ctx128_0730": ["pythia70m_sweep_topk_ctx128_0730/resid_post_layer_4/trainer_13", "pythia70m_sweep_topk_ctx128_0730/resid_post_layer_4/trainer_14", "pythia70m_sweep_topk_ctx128_0730/resid_post_layer_4/trainer_15", "pythia70m_sweep_topk_ctx128_0730/resid_post_layer_4/trainer_16", "pythia70m_sweep_topk_ctx128_0730/resid_post_layer_4/trainer_17", "pythia70m_sweep_topk_ctx128_0730/resid_post_layer_4/trainer_18", "pythia70m_sweep_topk_ctx128_0730/resid_post_layer_4/trainer_19", "pythia70m_sweep_topk_ctx128_0730/resid_post_layer_4/trainer_2", "pythia70m_sweep_topk_ctx128_0730/resid_post_layer_4/trainer_3", "pythia70m_sweep_topk_ctx128_0730/resid_post_layer_4/trainer_4", "pythia70m_sweep_topk_ctx128_0730/resid_post_layer_4/trainer_5", "pythia70m_sweep_topk_ctx128_0730/resid_post_layer_4/trainer_6", "pythia70m_sweep_topk_ctx128_0730/resid_post_layer_4/trainer_7", "pythia70m_sweep_topk_ctx128_0730/resid_post_layer_4/trainer_12", "pythia70m_sweep_topk_ctx128_0730/resid_post_layer_4/trainer_11", "pythia70m_sweep_topk_ctx128_0730/resid_post_layer_4/trainer_10", "pythia70m_sweep_topk_ctx128_0730/resid_post_layer_4/trainer_1", "pythia70m_sweep_topk_ctx128_0730/resid_post_layer_4/trainer_0", "pythia70m_sweep_topk_ctx128_0730/resid_post_layer_4/trainer_9", "pythia70m_sweep_topk_ctx128_0730/resid_post_layer_4/trainer_8"]}}}